GrLivArea,BedroomAbvGr,TotalBath,PredictedSalePrice
1314,3,1.0,137759.87597864046
1571,3,2.5,189180.57933167482
796,2,1.0,107482.98256877101
1768,3,1.5,196613.3388181141
1691,3,2.0,208691.8033391343
894,3,1.0,101830.68203970768
1560,3,2.5,187144.08386501615
1154,3,1.0,125916.33923357475
1422,3,2.0,171273.70589220853
1496,3,2.0,182206.71974194897
913,3,1.0,103793.73599776477
1086,3,1.0,120195.6752709646
1601,3,2.0,196886.75696589702
1986,3,2.5,258176.39769075924
1164,3,1.5,136038.22457040654
2267,4,2.5,254696.813286413
2259,3,2.0,266629.86050453363
825,2,1.0,111134.59187615354
1426,3,1.5,166285.57020158393
1651,3,2.0,203533.7591021241
789,2,1.0,106590.39060946826
2634,6,3.0,233959.86698847407
1576,3,1.0,152253.3028622811
1484,3,2.5,172780.69765973263
1200,2,2.0,164705.63499513132
1250,2,2.5,158731.8058285786
1902,3,2.0,233553.17466906246
1040,2,2.0,133961.86680471373
1502,3,2.0,183071.9059947641
1228,3,1.5,143988.53145340784
1268,3,1.0,134587.28121527252
864,2,1.0,115927.83613575241
1686,3,2.0,208054.8040755066
1620,3,2.0,199438.72315293862
858,2,1.0,115199.18960292639
1301,2,2.0,182944.27907682114
1505,2,1.0,175390.2430375752
864,3,1.0,98665.97052417652
1224,2,1.0,153806.82463115637
1383,3,1.0,142167.0768625552
816,3,1.0,93436.4923284763
1344,2,2.0,190434.80750733378
1392,2,2.0,198602.73121648756
1065,3,1.5,123024.87724265167
1250,3,2.0,143986.50370917728
1452,2,2.0,208525.4324033812
1096,2,1.0,141654.9116904754
1428,3,2.0,172178.24965477674
1658,3,2.5,204909.52183397688
864,3,1.0,98665.97052417652
1928,5,2.0,176537.00817336436
1537,3,1.5,177265.2414431712
1863,4,2.5,203589.34967167812
2007,3,2.5,261261.9445176654
1792,2,2.0,258726.34574352167
968,2,1.0,128050.67118269383
2654,4,2.5,290086.1445779832
960,0,0.0,115134.54053844772
2775,3,3.5,404817.0229935667
2643,3,2.5,336190.0983608068
1646,2,2.0,238424.84568854058
1298,3,2.0,151865.3385635277
1694,3,2.0,209072.93918083105
958,2,1.0,126926.67619543434
999,3,1.0,112278.91479817897
1020,2,1.0,133752.55253598877
1674,3,2.5,207729.15904991314
2113,2,2.5,322018.73193036986
2030,4,2.5,226469.65612050585
1217,3,1.5,142647.91190404736
2169,3,2.5,283750.778543542
1850,3,2.5,237247.45562163877
1144,3,1.5,133479.29351588187
1504,2,2.0,216866.97823292165
1309,3,1.5,153530.0823498994
1258,2,1.0,156790.55357390834
1422,3,1.0,144471.42120690903
1442,4,1.5,145307.80435882864
1200,3,1.0,129553.7780986196
1664,3,2.5,205969.5450811525
1360,3,1.0,140744.90206940193
1414,3,2.5,159098.29706265224
1342,3,2.0,158908.19033375432
1118,3,1.0,122938.81082087083
2345,4,2.5,262897.7839998732
1844,3,2.0,227112.5523818521
987,2,1.5,134716.6991510124
1610,3,2.0,198099.57199129494
1080,3,1.5,125052.44164992573
1622,3,1.0,154170.0030351534
1511,3,2.5,177942.1169720329
1152,3,1.0,125753.93485178401
1558,4,1.5,154926.63231517153
1911,3,2.5,246837.4726507228
1306,2,1.0,160828.42728451648
2138,2,2.0,299293.17885513
2466,4,3.0,293333.49109524966
1734,3,1.5,194062.43245102084
1158,3,1.0,126240.08428067644
1771,3,1.0,159090.68313608726
958,2,2.0,117326.16936440184
1828,3,2.0,225283.3523126062
1716,3,1.5,192670.46766690593
2713,3,2.5,342246.5382280495
1367,3,1.0,141182.7018862529
1826,4,1.5,172588.22546612492
1200,3,2.0,135562.20862126767
1382,2,1.5,189857.93689592884
1456,3,2.5,167359.85952841115
2448,4,2.5,272900.9848704351
1964,4,1.5,179199.38178740992
1092,3,1.0,120716.92734369078
1113,3,1.0,122516.17929639692
864,3,1.0,98665.97052417652
1804,3,2.5,229797.488979945
1632,4,2.0,172149.62055210452
2614,4,2.5,287043.5152556726
1314,2,2.0,185226.1428323312
1923,3,2.5,248685.20772624263
1484,3,2.0,180466.7737880003
708,2,1.0,95945.90271446144
1713,3,2.0,211468.2731162207
1269,3,1.5,148890.89265676466
2097,1,1.5,299446.1019887505
864,3,1.0,98665.97052417652
2184,3,2.5,285715.4043548035
1624,2,2.0,235201.9032053787
1040,3,1.0,116093.39230424276
2035,3,2.5,265315.1978281111
1494,2,1.5,202976.16757161156
1314,2,2.0,185226.1428323312
1743,3,2.0,215185.2266956054
2127,4,2.5,238624.42947209542
1716,6,2.0,140954.29492155695
1358,2,2.0,192838.2156326866
1430,3,2.5,162263.99670668665
1221,2,2.0,168572.28847263372
2094,4,2.5,234582.90744394282
864,3,1.0,98665.97052417652
1053,3,1.5,121388.46554435494
1701,3,2.0,209959.1536383908
1056,3,1.0,117541.54766574223
1163,3,1.0,126642.77112115393
1665,3,2.5,206145.90537170842
1196,3,1.0,129244.92508223528
3140,4,3.5,400422.7080854116
1682,3,2.0,207543.60908988476
1072,2,1.0,139214.74310916656
1547,3,2.5,184723.48818109118
1905,3,2.0,233878.19946644918
1661,3,2.5,205439.93235124458
1350,3,1.5,158138.06001746876
1845,3,2.5,236446.76255044437
1601,3,1.0,153318.256536838
1498,3,2.5,175465.05567163797
1947,3,2.5,252342.3840840092
1098,3,1.0,121234.98826697754
1054,3,1.5,121525.32072259959
928,3,1.0,105320.91146314022
1820,4,2.0,192777.0949487028
3082,5,2.5,266996.51965332916
1788,5,1.0,117856.39435287367
1022,2,1.0,133967.0689408025
1274,3,2.0,147951.45033186793
2504,4,2.5,277944.9795394497
2153,3,2.5,281633.1942042805
2031,3,2.5,264740.41650682385
1824,3,1.0,160366.48597224324
1008,2,1.0,132458.00809174767
694,2,1.0,94047.16706163622
1728,4,2.0,183074.24663195884
1588,3,2.0,195122.23708560443
1392,3,1.5,162703.92256555476
4476,4,3.5,488150.8993997356
1969,3,2.5,255649.94236706317
1504,1,2.0,256834.82371903633
1276,3,1.0,135152.51056837066
1800,2,2.0,259784.1525928082
816,3,1.0,93436.4923284763
1040,2,1.0,135881.76083692905
924,3,1.0,104915.61481925308
832,2,1.0,112004.84578938028
1886,4,2.5,206887.32247597
2196,3,2.0,261613.7214915673
1039,3,1.5,119463.18552973164
1271,4,2.0,123756.44316058545
1367,4,1.0,123160.66528842776
2093,3,2.5,273490.14680088556
864,3,1.0,98665.97052417652
2447,4,2.0,238923.3981499745
1054,3,1.0,117361.76924811455
1120,3,1.0,123107.24292938052
1616,3,2.0,198904.12640476096
1073,3,1.5,124108.72693165073
1389,2,1.0,167328.67602223574
861,1,1.0,139243.1715051367
1135,3,1.0,124359.18175560512
2828,4,3.0,337405.6800792365
1616,2,2.0,234019.28695579452
1437,3,2.0,173529.08189343
1630,3,2.0,200769.01001058388
1800,3,2.0,222027.64807879567
1855,3,2.5,238045.93261683368
1675,3,2.5,207904.63291006928
2084,4,2.5,233339.14554545152
1111,3,1.0,122346.50618532745
729,2,1.0,98761.42987650509
1586,3,2.0,194849.44284303658
2234,1,2.0,359115.15618619043
858,3,1.0,98023.45477275198
833,3,1.0,95311.9566304893
1283,3,1.0,135642.43249273233
1644,3,1.0,155020.38073261894
1383,3,1.5,161738.68693954547
2073,3,2.0,250806.31949377802
1539,3,2.0,188336.70568215035
1552,3,2.0,190157.69117891285
925,2,1.0,123154.6005006092
1414,3,2.0,170062.68353187855
1526,2,1.0,176722.15163940392
1712,4,2.0,181310.2071642397
1717,3,2.0,211968.4763648845
1750,3,1.0,158516.30070988229
1176,2,1.0,149420.0519151706
1936,3,2.5,250672.51623072507
858,2,1.0,115199.18960292639
1919,3,2.5,248070.7143230424
1762,4,1.5,168949.19334434668
1728,6,2.0,141930.67396378078
1626,2,2.5,237989.99990266815
1496,3,2.5,175082.63967213125
790,2,1.0,106718.16967563145
1935,3,2.5,250520.1782040048
1964,4,2.5,217722.58705167947
1666,3,1.0,155827.8551987322
985,3,2.0,96812.5211417077
1358,2,2.0,192838.2156326866
848,1,1.0,137470.33032076512
1970,3,2.5,255799.26653042398
2046,3,2.5,266888.53341085266
1865,3,2.5,239636.23837922452
2134,5,2.0,190612.85449250563
2646,4,2.5,289488.965022639
1236,2,1.0,154871.60631575852
902,2,1.0,120468.49192889038
912,2,1.0,121642.12701854101
1656,3,1.0,155466.13993289796
1382,3,1.0,142106.21824933615
2020,4,2.0,211281.8666958262
1052,3,1.0,117181.63625832697
2531,4,2.5,280277.5810142793
1852,3,2.5,237567.1123488367
1660,3,2.0,204706.68475952916
1709,2,2.0,247416.83924167373
912,3,1.0,103691.21515575319
1764,3,2.5,223166.79108882972
1395,3,1.5,163024.07219950485
1040,3,1.5,119601.28171053606
2392,3,2.0,276064.11392653116
1103,2,1.0,142357.00975685215
2078,3,2.5,271404.52324004564
803,2,1.0,108371.23101911454
1152,3,1.0,125753.93485178401
1173,3,2.0,130920.944833733
1092,3,2.0,116609.42881423814
1784,4,1.5,170241.06372068063
1920,4,3.0,204886.77716060882
1670,3,2.0,206001.51440118076
1223,2,2.5,152558.13049720327
1801,1,2.0,304147.2987207774
1656,4,2.0,174957.36465861448
1717,3,1.0,157534.7188057914
2599,4,2.5,285865.96400581265
1644,3,1.5,186815.40508089753
2468,4,2.5,274734.3230323347
1362,1,1.5,221798.68538210753
1484,2,2.0,213687.057148201
1200,1,1.5,198244.02354941194
1350,3,2.0,160170.27108511518
1152,2,2.0,155720.7770294835
1680,3,2.0,207287.47973883394
1440,3,1.0,145489.49087094507
1214,3,2.0,137943.34929195835
1479,3,2.5,171817.7878253671
1801,3,2.5,229305.10632683043
1494,3,1.0,148371.37779332403
2329,4,2.5,261259.50054494423
1588,3,2.0,195122.23708560443
1194,3,1.0,129089.96671580317
1494,3,2.0,181917.61518002403
3238,4,2.5,318357.06165428134
914,2,1.0,121875.79031999133
1641,3,1.5,186561.47179781567
1573,3,2.0,193067.63756994714
1472,3,2.0,178714.06323629394
1750,4,2.0,185462.74810935938
1768,3,2.5,223836.24317682008
1196,2,1.0,151272.69393136023
1126,2,2.0,150768.7043602928
845,3,1.0,96620.38989589414
1968,4,2.5,218263.70418674822
1221,4,1.0,115225.80005291943
1368,3,1.0,141244.89014507164
987,2,1.5,134716.6991510124
1442,3,2.0,174276.44174183797
1220,2,1.0,153449.06082567613
1500,3,2.0,182783.86514931903
2450,3,2.5,317241.91240784526
2207,3,2.0,262514.9071969176
1208,2,2.0,166183.25528178285
1795,4,2.0,190214.689930357
1440,4,2.0,147849.5656229138
1212,3,2.0,137604.25005548235
1111,2,1.0,143154.08896459796
2715,4,3.5,339343.82859567646
1724,3,2.5,216394.26433373985
1328,3,1.5,155684.01303022727
1052,3,1.5,121251.52172307031
2417,4,2.5,269989.2383963835
948,3,1.0,107326.12035297969
2019,3,1.0,162917.08883241526
869,2,1.0,116532.60389617452
1554,2,2.0,224661.6556247511
2112,4,2.5,236799.3408151512
1416,3,2.0,170365.970980201
1593,3,2.5,193221.39284147785
1381,3,1.5,161523.21506032578
1632,3,2.0,201034.00366563312
954,2,1.0,126474.59619541097
1922,4,3.0,205258.97961148343
980,3,1.0,110460.70356745597
1786,3,2.5,226831.22625086
1694,3,2.0,209072.93918083105
972,2,1.0,128497.7871724781
1437,3,1.5,167422.39940202082
2263,3,2.5,295733.302019986
1725,3,2.5,216565.30604189678
1236,2,1.0,154871.60631575852
1040,3,1.0,116093.39230424276
1704,3,2.0,210337.63018888803
1523,3,2.0,186074.92757778175
1489,3,2.0,181193.30252201195
1569,1,2.0,267857.774311605
1212,3,2.0,137604.25005548235
1573,3,2.0,193067.63756994714
1790,4,2.0,189695.56069868905
1576,3,1.5,180863.68287934278
1728,3,2.5,217077.89930812767
1600,3,2.0,196751.55652565285
1922,3,2.0,235704.93733484377
1692,3,2.5,210874.12614760615
1656,3,2.0,204186.27089774897
1047,2,1.0,136618.6069749796
2728,4,2.5,295341.1124816041
1425,3,2.0,171726.3766671725
952,2,1.0,126248.02433715938
990,3,1.0,111421.64578358314
988,1,1.0,155774.42952699985
1056,2,1.0,137559.59828216574
1746,3,2.0,215552.5342230647
1718,3,2.5,215366.15258095853
1464,3,2.0,177538.49809195762
1660,3,2.5,205263.21748852867
1752,2,2.0,253352.21417870416
2620,4,3.0,313502.1402985918
4676,3,3.5,570837.0462800306
784,2,1.0,105950.1656330525
1120,3,1.5,130361.77272534075
1382,3,1.5,161630.99532145556
1386,3,2.5,153503.71857296186
334,1,1.0,55369.192646273936
1200,2,2.5,147248.10398544814
1414,2,2.0,202278.10777572865
1584,4,2.0,166380.95716599215
1517,3,1.0,149520.35473724615
1258,3,2.0,145313.8257379665
902,3,1.0,102661.1313684384
1158,3,1.5,135274.26826172846
964,2,1.0,127602.13690426984
2380,3,2.5,309553.554174494
1232,2,2.0,170582.0772143835
864,3,1.0,98665.97052417652
1982,3,2.5,257584.24233363502
1924,3,2.5,248838.60946944272
2080,3,1.5,215237.0593429027
1647,3,2.5,202957.8577565831
1617,2,2.0,234167.42423763245
1340,3,1.0,139470.11182903193
1940,3,2.5,251280.98190720633
1855,4,2.0,196271.38678240366
884,2,1.0,118333.61072144323
1626,2,2.5,237989.99990266815
1284,2,1.5,177467.3481732695
2290,4,2.5,257171.11496317197
816,2,1.0,110009.31168884029
2183,4,2.5,245261.8714278652
1869,2,1.0,192943.02838855473
1646,4,2.0,173793.6762937009
1844,2,2.0,265500.68262614217
1571,3,2.0,192792.18403617977
2082,3,2.5,271962.6396698159
1959,5,3.0,177904.4808168433
2374,4,2.5,265809.3331783422
2142,4,2.5,240429.5734450431
1200,2,2.5,147248.10398544814
1992,3,2.5,259061.97143524603
2285,4,2.5,256637.21223111064
1824,2,2.0,262923.53421331383
1850,3,2.0,227792.65196718028
1355,4,2.0,136048.17861708975
1668,3,2.5,206674.45438513657
1406,3,1.0,143542.35948755682
1888,2,2.5,285809.1760755193
1228,2,2.0,169852.48594721608
1638,3,2.5,201353.06381966235
960,3,1.0,108512.22622320638
1698,3,2.0,209579.87930053365
1063,3,1.0,118167.9798716795
1236,3,1.0,132269.63225729027
1535,4,2.0,160281.45310814667
630,1,1.0,105509.20427908054
1092,3,1.5,126660.13300326759
1652,2,2.0,239296.38398677149
1144,3,1.0,125100.7716030216
1795,2,2.0,259123.688134804
1541,3,2.0,188617.8323704767
1507,4,2.0,156700.46502084634
1441,2,2.5,200559.38298258153
1479,3,2.0,179738.02897798902
987,2,1.5,134716.6991510124
672,2,1.0,91028.33696336288
2192,4,2.5,246302.67508156135
2000,3,2.0,243758.01803257197
1125,2,1.5,155553.13987221225
1124,3,1.0,123443.04342992007
1839,3,2.0,226543.36504381234
2144,4,2.0,220974.16379184087
2260,3,2.5,295362.9808329296
1977,4,1.5,179735.16873190246
845,2,1.0,113609.508033032
1786,3,2.5,226831.22625086
2555,3,2.0,285487.9697396192
1700,4,1.5,165077.64126219592
1671,3,2.5,207202.20561120482
1376,3,2.0,164232.85330336497
1689,3,1.0,156626.16027647693
2554,3,1.5,227018.1858273863
1416,4,1.5,142988.22510990658
816,2,1.0,110009.31168884029
1370,3,2.0,163300.65291232176
1442,2,2.0,206893.8096322283
1285,2,1.0,159086.98783796094
1474,3,2.5,170852.661915002
2013,3,2.5,262136.34923911424
1563,3,2.0,191686.8241795109
1663,2,1.0,184451.88603910923
1192,4,1.5,120522.15261502106
1774,4,2.0,188019.4551266342
1962,3,2.5,254602.19121841792
1302,3,2.0,152512.68925856522
1118,2,1.0,143846.87951177644
1766,2,2.5,264299.24300687783
1253,3,2.0,144484.9142927731
1097,3,2.0,117509.69790661873
1078,3,1.5,124783.25208847567
1572,3,2.5,189365.18342494927
1524,0,0.5,196694.5399960093
2060,3,2.5,268875.4479841626
1344,3,1.0,139727.90645438543
1818,4,1.5,172153.20249185912
1029,3,1.0,115084.62200177425
2521,5,2.5,240706.43632867638
1500,3,2.5,175847.1170989847
2217,4,2.0,226042.72510968198
1370,2,2.0,194884.45142589425
1262,2,2.0,176008.8037677471
1894,4,2.5,208023.45171441775
1694,3,2.0,209072.93918083105
864,2,1.0,115927.83613575241
1709,3,2.0,210966.65157891714
1738,4,2.0,184165.2477040854
1319,3,1.0,138093.4212479303
3222,5,3.0,319865.1502738985
1355,3,1.5,158689.81456391566
1306,3,1.0,137221.5941096976
768,2,1.0,103886.55367780467
1077,2,1.0,139727.32210800514
1183,2,1.5,163806.63748388135
1456,3,2.5,167359.85952841115
2291,4,2.5,257277.6295804643
848,1,1.0,137470.33032076512
2332,3,2.5,304030.50001096085
1348,3,1.0,139984.2827910992
2108,4,2.0,218300.6816618812
1336,3,1.5,156581.3577630996
5642,3,2.5,206341.90794902967
1344,2,1.0,163880.23457808045
1935,3,2.5,250520.1782040048
1470,4,2.0,151861.8517927614
2156,3,2.0,258246.2666622372
1728,6,2.0,141930.67396378078
1768,3,2.5,223836.24317682008
1048,3,1.0,116820.30656227197
1728,3,2.5,217077.89930812767
2358,4,2.0,234495.32846702458
1146,3,2.0,126215.06027004981
1601,3,2.0,196886.75696589702
1920,4,2.0,202472.69602218535
1363,3,1.0,140933.06242057795
1148,2,1.0,146766.78496963572
1294,2,2.0,181709.37819567075
1248,2,1.0,155923.62340260294
1419,3,2.5,160090.01588501254
1440,3,2.0,173977.7637315947
1140,3,1.0,124772.06254568079
2090,3,2.5,273074.61766343715
1640,3,2.5,201710.3051958135
1679,3,2.0,207159.28209874858
1218,3,1.0,130926.06535043239
1142,3,1.5,133221.4502635498
1110,1,1.0,170308.45148454886
1164,3,1.0,126723.0425601295
1192,3,1.0,128934.65377721118
1422,3,2.0,171273.70589220853
894,3,1.0,101830.68203970768
1953,3,2.5,253248.7002998522
1792,3,2.5,227823.17164332772
924,2,1.0,123038.78824484386
752,2,1.0,101800.24910432089
1740,3,1.5,194520.0384135136
1593,3,2.5,193221.39284147785
1385,4,2.0,140286.50453889693
1266,3,2.0,146635.4746121967
2021,3,2.5,263297.2581908067
1334,2,2.0,188707.450252998
1252,2,2.5,159186.54446422466
2526,5,2.0,207008.28667904882
2402,2,2.0,323108.3694301272
1362,3,2.0,162052.75504735837
3627,4,3.5,450726.7810547566
2520,4,2.5,279335.0624824228
944,2,1.0,125338.1911825537
912,3,1.0,103691.21515575319
1553,3,2.5,185842.5476928962
948,3,1.0,107326.12035297969
1852,3,2.5,237567.1123488367
1230,2,1.5,170276.08988183158
1080,3,1.0,119671.23204879896
1250,3,1.5,146637.59312861454
1611,4,1.5,158924.45378548332
1949,3,2.5,252644.84406145013
1369,3,2.0,163144.9759298413
1482,3,2.5,172395.79965510636
1048,2,1.0,136723.5161368269
1372,3,2.0,163611.74094816277
1296,2,2.0,182062.6502340565
990,3,1.0,111421.64578358314
1489,3,2.0,181193.30252201195
2172,3,2.5,284145.2992805141
1266,2,2.0,176726.33958147673
1218,2,2.0,168022.30276649867
932,2,1.0,123962.80428584703
1322,3,2.5,140455.1454868132
1635,2,1.0,183007.35558679843
1478,3,2.0,179592.01408686684
1184,5,1.0,103980.22029232647
1710,3,2.5,213990.37290034434
912,2,1.0,121642.12701854101
2126,3,2.5,278008.3133470657
1394,3,2.5,155109.261013215
970,2,1.0,128274.40646366592
1034,3,1.0,115544.48360304152
1720,3,2.5,215709.21107071228
1387,3,2.0,165933.59922937237
1357,2,1.0,164894.88874759755
1264,3,1.0,134302.53910576386
1484,3,2.5,172780.69765973263
1767,2,2.0,255384.1340855078
813,2,1.0,109632.62271834948
754,2,1.0,102062.27817856614
2069,4,2.0,215274.76890844802
1509,3,2.0,184077.25669806256
1481,3,2.5,172203.2176882332
960,3,1.0,108512.22622320638
1040,2,1.0,135881.76083692905
1040,2,2.0,133961.86680471373
1802,4,1.5,171266.1370796505
2610,4,2.5,286731.45173592295
1466,3,1.5,170368.08160361813
1652,4,2.0,174492.9530291288
2097,3,2.5,274042.94464825664
1625,2,2.0,235349.33134289682
2287,3,2.0,268746.3243884677
2822,4,3.5,356229.4187652839
2054,3,2.5,268026.04059998924
1336,2,1.0,163248.38599686508
894,3,1.0,101830.68203970768
1719,1,1.5,265494.1567136141
2127,3,2.5,278143.720553149
1251,3,1.0,133367.33219394245
912,2,1.0,121642.12701854101
968,2,1.0,128050.67118269383
1829,3,2.5,233869.6526919049
1574,3,2.5,189734.1256823784
720,2,1.0,97559.56210264552
1980,3,2.0,241744.53850916572
1621,3,2.0,199572.1507323831
1602,3,2.0,197021.86876310114
1616,3,2.0,198904.12640476096
1600,2,1.0,181103.96356982735
2119,3,2.5,277057.98089936294
1709,3,2.0,210966.65157891714
2110,3,2.5,275829.74259629496
774,3,1.0,88693.16356166857
796,2,1.0,107482.98256877101
1707,2,2.5,253423.58881414586
2161,3,1.5,218661.17676400722
1716,2,2.5,255102.5315953387
1362,3,1.5,159458.54792126192
1796,3,2.5,228482.6957108399
1652,2,2.0,239296.38398677149
1482,3,1.0,147753.29652331586
1015,3,1.0,113785.219993908
1578,3,1.0,152340.5379461653
1086,3,1.0,120195.6752709646
1218,3,1.5,142770.2296237346
860,2,1.0,115442.42635269501
1140,3,1.0,124772.06254568079
1502,3,1.5,173921.07818675056
1165,3,1.5,136165.2403712129
1960,4,2.5,217180.05162797097
2031,3,2.5,264740.41650682385
1392,3,1.5,162703.92256555476
1541,3,2.0,188617.8323704767
1327,3,1.0,138622.4842407149
1324,3,1.0,138424.75044122056
1552,3,2.5,185656.25938186198
2810,4,2.5,300597.2241397159
3608,4,2.5,320623.82022307615
1328,2,1.5,183135.77757208716
2519,4,2.5,279248.8471212869
1517,3,2.0,185220.91034800457
1057,3,1.0,117631.30390999607
2132,1,1.5,301949.1330538518
1629,3,2.0,200636.38021849925
1188,3,1.0,128622.9641835473
1464,3,2.0,177538.49809195762
1216,2,2.0,167655.20241387535
1634,3,2.0,201298.64274852243
924,3,1.0,104915.61481925308
1060,3,1.0,117900.04078451771
1548,3,2.5,184910.2197073253
438,1,1.0,73870.96560143489
747,2,1.0,101143.62516550804
892,3,1.0,101622.18327712515
1190,3,1.0,128778.9862664592
1394,3,1.5,162917.4442978948
1960,4,2.0,206102.7359396227
848,1,1.0,137470.33032076512
1339,2,2.0,189572.23691816573
784,2,1.0,105950.1656330525
948,3,1.0,107326.12035297969
1178,3,1.5,137808.3792650575
1983,3,2.5,257732.41413747604
1728,4,2.0,183074.24663195884
764,2,1.0,103367.10496739336
988,2,1.0,130272.06824521758
1224,2,2.5,152787.9374986259
987,2,1.5,134716.6991510124
1908,4,2.5,209998.0268535439
1144,3,1.0,125100.7716030216
1032,3,2.0,105633.34577770156
2060,4,2.5,230317.9506287589
1114,3,1.5,129574.41465410688
1724,3,1.5,193292.66440366747
1218,3,1.5,142770.2296237346
841,2,1.0,113117.36137893578
1088,2,1.5,150132.187459927
864,3,1.0,98665.97052417652
1826,3,2.0,225053.1067292307
1111,3,1.0,122346.50618532745
912,2,1.0,121642.12701854101
2270,4,2.5,255022.20757892888
923,3,1.0,104814.06905068134
910,3,1.0,103485.90754261012
1040,2,2.0,133961.86680471373
1374,2,1.0,166199.1402248471
2121,3,2.5,277329.9476710494
1959,4,2.5,217044.19616444394
1539,3,1.5,177453.05669391583
1268,2,1.0,157648.6194412154
960,2,1.0,127152.1843372061
1097,3,1.5,127326.237071294
1768,2,1.5,230381.36066274988
1668,3,1.5,188818.1510005979
1392,2,1.0,167552.18981963393
1412,4,1.0,125225.39946517714
1630,3,2.0,200769.01001058388
1241,1,1.5,204425.26764182423
768,2,1.0,103886.55367780467
1640,3,1.0,154868.95775524646
1419,2,2.0,203107.43722490265
1200,3,3.0,77594.99974949079
1479,4,1.5,148505.43059611623
1414,3,1.0,144009.72692451242
1344,4,1.0,122036.03785193269
2320,2,2.0,316372.68126740656
788,2,1.0,106462.52290026507
1441,3,2.5,164427.25172052262
864,2,1.0,115927.83613575241
864,3,1.0,98665.97052417652
1776,4,2.0,188230.20932570074
1056,3,1.0,117541.54766574223
904,1,0.5,124809.71083703164
1478,2,2.5,208288.2110100755
1605,3,2.0,197426.67229647373
1790,3,2.5,227492.87775133175
1868,4,2.5,204310.28921810605
1218,3,1.5,142770.2296237346
2084,2,2.0,293660.8007325765
1456,3,2.5,167359.85952841115
1256,3,1.5,147352.6184792213
1509,3,2.5,177562.00569156578
2320,3,2.5,302617.82497568324
2624,4,2.5,287817.46904224786
1375,3,1.5,160874.67198970707
1095,2,1.0,141554.2573945473
2200,4,3.0,253545.13316687083
1494,3,2.0,181917.61518002403
1346,2,1.5,185405.21769165594
990,3,1.0,111421.64578358314
2358,5,3.0,238031.13672663007
833,2,1.0,112128.81320482417
2482,4,2.5,275996.562702148
2098,3,2.5,274180.92250249954
899,3,1.0,102350.37769296425
2324,4,3.0,272873.5028184063
894,2,1.0,119523.20155829101
1575,2,2.0,227869.33674301123
848,1,1.0,137470.33032076512
1690,3,1.0,156659.8054764208
1475,4,2.0,152522.809888404
1362,2,2.0,193521.7125190622
1456,2,2.0,209175.59950672273
2462,4,2.5,274188.0445914441
1796,4,1.5,170927.63710943327
1472,3,1.0,147228.47806391073
1604,3,2.5,195225.71088462215
1786,3,2.0,220373.734908135
1661,3,1.0,155648.10560381485
630,1,1.0,105509.20427908054
2020,3,2.5,263152.4548224851
1665,3,2.5,206145.90537170842
1836,3,2.0,226200.78892450858
2372,4,2.0,235238.41635022193
1301,2,1.0,160417.34456645974
1240,2,2.0,172037.00488279908
1244,3,1.5,145919.37662856828
1795,3,2.0,221438.95927195935
1167,3,2.0,129880.77721998908
1578,3,2.0,193754.72015116582
1908,4,2.5,209998.0268535439
1198,4,1.0,113803.50928815754
1976,2,2.0,281620.59517368826
1328,3,1.0,138688.21822113302
1268,3,1.5,148773.09573211655
1250,2,2.5,158731.8058285786
1664,4,2.0,175881.93305166645
1416,3,2.5,159495.25052071636
2291,4,2.0,230698.58927986908
1710,3,2.0,211092.18992780297
616,2,1.0,83150.44576843258
1050,3,1.0,117001.14869637943
1252,1,1.0,185563.5748510527
990,3,1.0,111421.64578358314
1078,2,1.0,139829.57197865288
2087,5,2.5,201228.57851645062
1429,3,1.0,144870.74994440688
1812,4,2.0,191963.15306955113
1138,3,1.0,124607.17615877048
1484,3,2.0,180466.7737880003
1557,2,2.0,225122.2891465821
1196,2,1.0,151272.69393136023
864,3,1.0,98665.97052417652
1056,3,1.0,117541.54766574223
2526,4,2.5,279850.4931453988
1145,2,2.0,154393.42145762953
1092,3,1.0,120716.92734369078
1432,2,2.0,205253.32255707702
1392,3,1.5,162703.92256555476
1456,3,2.5,167359.85952841115
1053,3,1.5,121388.46554435494
3395,8,2.0,90353.0650755392
1287,3,1.0,135920.4377312022
778,2,1.0,105178.9704410341
1092,3,1.5,126660.13300326759
747,1,1.0,123186.40006099714
1733,3,2.5,217930.4485577128
1646,3,2.0,202879.0312304996
2149,1,1.5,303125.71077608503
1582,4,2.0,166136.16403957157
1742,4,1.5,167737.53565270427
1040,3,1.0,116093.39230424276
912,2,1.0,121642.12701854101
2198,4,2.5,246992.55524722618
1680,4,2.0,177714.05037409344
3447,4,3.5,434583.1070698842
1316,3,1.0,137893.56001547637
2601,4,3.5,320236.93727393774
1365,3,1.5,159786.67542881056
1258,2,2.0,175289.84966537784
1574,3,2.0,193205.23137227082
1096,3,1.0,121062.65586470856
987,2,1.5,134716.6991510124
1708,3,2.0,210841.02458699126
3493,3,3.0,450754.9355169269
1752,4,2.0,185677.75717434523
2036,3,2.0,247292.92899039885
1344,3,1.0,139727.90645438543
1109,3,1.0,122176.47850209806
1470,3,2.0,178420.70380844976
952,2,1.0,126248.02433715938
1680,3,2.0,207287.47973883394
1516,3,1.5,175271.77401619646
1734,3,2.0,214078.51738906853
1502,1,1.5,240280.6521129989
1626,2,2.0,235496.6708373749
1469,3,1.0,147069.30398680948
1550,2,2.0,224046.23659308333
1368,2,2.0,194544.2985574261
2596,4,3.5,319372.54442034336
1339,3,1.0,139405.4415650936
1839,4,2.5,200097.99207090944
2452,4,3.5,293527.0677038757
1509,3,2.5,177562.00569156578
1434,3,2.0,173079.6022679054
1294,3,2.0,151216.56957985045
1680,4,2.0,177714.05037409344
1721,3,2.5,215880.60735102915
864,3,1.0,98665.97052417652
1501,3,2.5,176038.014848098
2337,5,2.0,200803.82991807323
1872,3,2.0,230259.04839040214
1530,3,2.0,187067.24775420254
1484,3,2.0,180466.7737880003
630,1,1.0,105509.20427908054
1200,4,1.0,113929.04824980258
2872,4,2.5,304175.6548141403
1445,3,1.5,168242.447404027
1116,3,1.5,129837.22191667809
2090,3,2.0,252379.89283997795
943,2,1.0,125224.06314454804
1608,3,2.5,195951.89451820237
1296,2,2.0,182062.6502340565
840,3,1.0,96076.76062184185
1978,4,2.5,219610.29201162115
999,3,1.0,112278.91479817897
958,2,2.0,117326.16936440184
2727,3,2.5,343405.70409398736
1167,3,1.0,126963.32501881622
1851,3,2.5,237407.3283067577
1252,3,1.0,133439.8030453994
912,2,1.0,121642.12701854101
1040,3,1.0,116093.39230424276
1525,3,2.5,180592.96791482423
2452,4,2.5,273270.4890800945
3228,4,3.0,372595.0321491716
1166,2,2.0,158362.45764631368
1846,3,2.0,227339.60681578817
1074,3,1.5,124243.80924909569
2344,3,2.5,305430.41044848075
893,2,1.0,119404.64136828616
1493,3,2.0,181772.92993450162
1968,4,2.5,218263.70418674822
1004,2,1.0,132023.65669972115
1456,4,1.0,127070.687587932
1635,3,1.5,186051.21186957226
1458,3,1.0,146478.84019002627
1224,2,2.0,169121.47639140897
1506,2,2.0,217183.02019451416
2136,4,2.0,220389.98467232802
1416,3,2.5,159495.25052071636
2633,2,2.5,388532.88194998086
1468,3,2.0,178126.98980844565
773,2,1.0,104533.87009741916
1302,3,2.5,136303.00624380523
900,3,1.0,102454.05089449562
904,2,1.0,120703.92809114038
1844,3,2.0,227112.5523818521
1555,2,2.0,224815.2887750681
1297,3,1.0,136609.245814578
1529,4,2.0,159519.94895864982
1733,4,2.0,183620.8552060219
1710,3,2.5,213990.37290034434
1868,3,3.5,212725.4675071103
1126,3,2.0,122687.55762371418
1102,2,2.5,124097.20904694726
1913,3,1.5,206341.83915579403
1567,1,2.0,267524.1911125835
1050,2,1.0,136933.06853140148
1580,3,2.0,194028.93268237342
1314,3,2.0,154446.2316118393
2792,5,2.0,210376.25151874337
1688,4,2.5,176960.33766694923
1232,3,2.0,140979.28667304522
1229,2,1.5,170140.48074839058
1699,3,2.0,209706.39272285937
936,2,1.0,124422.684873389
1948,4,2.5,215543.9356250071
2224,4,2.5,249945.16046047382
2002,4,2.0,209761.63453807923
1993,4,2.5,221613.55317893354
1861,3,2.5,239001.17979074796
1041,3,1.0,116184.56683713636
986,2,1.0,130051.52411368492
1405,2,2.0,200779.73025569637
1226,3,2.0,139970.4986954557
838,2,1.0,112747.32063644382
864,2,1.0,115927.83613575241
1006,3,1.0,112940.71557706992
1842,0,0.5,206378.83743571935
1710,2,2.0,247556.73272079314
2263,4,2.5,254261.71322716537
2290,4,2.0,230638.90766744767
1100,3,1.0,121406.96609708658
2117,4,2.5,237409.91977679884
960,3,1.0,108512.22622320638
1774,2,2.0,256325.53786127068
1082,2,1.0,140237.68503084415
1122,2,1.0,144240.80967757016
1338,2,2.0,189399.45687121214
1756,3,2.5,221823.63204692976
1302,3,2.0,152512.68925856522
951,2,1.0,126134.60544347363
987,2,1.5,134716.6991510124
1090,2,1.5,150428.3144210446
1604,3,2.0,197291.8264283895
1512,2,2.5,215283.3851563496
1577,3,1.0,152296.9647257432
2167,3,2.5,283487.32150369417
1212,3,1.0,130471.82741593421
969,3,1.5,109576.17491906184
1072,2,1.0,139214.74310916656
1518,1,1.5,242282.2503683434
1188,3,1.0,128622.9641835473
1958,3,2.5,254001.52612945516
1069,2,2.0,139702.5522436768
1788,3,2.0,220611.07193470924
2414,3,2.0,277473.5307409817
720,2,1.0,97559.56210264552
1261,3,1.0,134088.05177171252
875,2,1.0,117255.39998836158
672,2,1.0,91028.33696336288
980,4,2.0,76337.77374570249
1214,3,1.0,130623.59463292686
1486,3,1.0,147960.74190195833
1660,3,1.5,188156.24218192344
1217,3,2.0,138451.3333238725
1564,3,1.5,179770.830302229
1490,3,2.5,173933.2642406516
3194,4,2.5,317280.14036765415
1501,3,2.0,182927.92989356155
1320,3,2.5,140041.5271372322
2612,4,2.5,286887.6607818778
3112,4,2.0,249786.28345301168
2230,5,1.0,107519.55613805668
2022,4,2.5,225429.9705095608
2263,3,2.5,295733.302019986
1632,3,2.5,200279.21225824926
1288,1,1.5,211327.77023375596
1080,3,1.0,119671.23204879896
1700,3,2.0,209832.81750214504
1310,2,2.0,184525.6264822786
1067,2,2.0,139309.03626513825
1928,4,2.0,203210.05031479083
2784,5,3.5,300800.4890146048
2097,3,2.5,274042.94464825664
816,2,1.0,110009.31168884029
1953,3,2.5,253248.7002998522
1659,2,2.0,240309.14540972162
1779,3,1.5,197416.69290213057
1248,2,2.0,173486.2593966557
1929,3,2.5,249604.28853984337
1262,3,2.0,145975.35931940147
2696,4,2.5,293128.2620515564
894,3,1.0,101830.68203970768
1912,3,2.0,234633.48815395232
965,3,1.0,109002.66967326819
1824,4,3.0,186604.08265854188
1787,3,2.0,220492.4477429421
1440,4,2.0,147849.5656229138
1252,3,1.0,133439.8030453994
1987,2,2.0,282894.20346836955
1181,3,2.0,132302.87097515244
1792,3,2.5,227823.17164332772
864,2,1.0,115927.83613575241
1128,3,2.0,123041.90346306746
1959,3,2.5,254151.82536625591
1839,4,1.5,173283.03802434905
904,3,1.0,102867.85727022123
1040,3,2.0,107115.26126822314
918,2,2.0,108994.90598571271
1520,3,1.0,149666.7642165896
1411,3,2.0,169607.0875365951
2058,3,1.5,214206.61957780682
2201,4,2.0,224972.22878679886
1656,3,2.5,204555.47160726515
1494,3,2.0,181917.61518002403
1564,3,2.5,187885.86867363364
981,3,1.5,111301.93880166255
1502,3,1.5,173921.07818675056
1092,2,1.0,141251.76264852326
1520,3,1.0,149666.7642165896
1320,3,1.0,138159.86437266835
1836,3,2.0,226200.78892450858
1889,4,1.5,175815.7812295437
1130,2,1.0,145024.4151432384
2398,3,2.5,311572.04552006826
1991,3,1.5,210804.17288766577
1838,2,2.0,264731.26110997295
1352,4,1.5,137023.19961894385
1720,3,2.0,212342.69804946255
1716,4,1.5,166109.37211565863
999,3,1.0,112278.91479817897
1470,3,2.5,170078.96561199028
1132,2,1.5,156565.07443556807
1674,4,2.0,177029.66566938287
1337,2,2.0,189226.58818121857
1349,3,2.0,160012.82124183504
1148,3,1.0,125428.06237172267
1683,3,2.5,209305.23264187897
1344,3,1.5,157473.02934141306
1696,3,1.5,191090.15577380647
882,3,1.0,100574.3708818135
1895,3,2.5,244353.96984240654
894,2,1.0,119523.20155829101
1812,4,2.0,191963.15306955113
1714,3,2.5,214678.97188497134
1114,3,1.0,122600.88288737167
1689,3,2.0,208437.26956280318
1376,3,1.0,141739.20506618245
2704,4,2.5,293689.98439090676
1872,3,2.5,240744.178152019
858,2,1.0,115199.18960292639
864,3,1.0,98665.97052417652
1668,3,2.0,205743.2576171703
835,2,1.0,112376.48210659198
1128,2,1.0,144829.04563506125
1639,3,1.0,154830.8804033034
1214,2,1.0,152909.7558262563
1556,4,1.5,154770.8957604135
1364,2,2.0,193862.92910401008
2236,4,2.5,251287.69071501013
1004,2,1.0,132023.65669972115
1121,2,2.0,149809.51285754194
1721,3,2.5,215880.60735102915
1316,3,2.0,154767.24766815852
1324,3,2.0,156047.7661718361
1360,1,1.0,195969.38200550879
1194,3,1.0,129089.96671580317
1856,1,1.5,279262.8550024035
900,3,1.0,102454.05089449562
1134,3,1.5,132186.531532622
1961,3,2.5,254452.15791073718
816,2,1.0,110009.31168884029
894,3,1.0,101830.68203970768
1092,3,1.5,126660.13300326759
1094,3,1.0,120889.96889027962
1811,2,1.0,190932.77433428407
1294,3,2.0,151216.56957985045
2034,3,2.5,265171.6354623493
1253,2,1.5,173370.6344719391
2514,4,2.5,278816.4406700074
1154,3,1.5,134763.19119514344
1456,3,2.5,167359.85952841115
1800,3,2.5,229140.80148971235
1656,3,2.5,204555.47160726515
2365,3,2.5,307849.53890078596
1436,3,2.0,173379.34399462843
1062,3,1.0,118078.75548566553
1466,3,2.0,177832.9212362816
1155,3,1.0,125997.40845991015
1536,3,2.0,187914.35082686096
971,3,1.5,109864.68866322846
1003,3,1.0,112657.61853007085
1504,3,2.0,183359.59226804928
1920,4,2.0,202472.69602218535
1242,3,1.5,145679.26198423305
2340,4,2.0,233514.4005645412
1661,3,2.0,204836.56661737422
1113,3,1.5,129442.87805826131
1230,3,1.5,144231.12810286268
1279,3,2.0,148771.05425786294
2668,3,2.5,338402.9743090989
1208,2,1.0,152367.25967739706
1310,3,2.0,153803.13578272102
2576,4,2.5,284021.6484142211
936,2,1.0,124422.684873389
1647,4,1.5,161497.94901148943
1220,2,2.0,168389.048546962
882,3,1.0,100574.3708818135
1302,3,2.5,136303.00624380523
1442,3,2.0,174276.44174183797
1561,2,2.0,225735.22617313036
1204,2,2.0,165445.15428277696
1378,3,2.0,164542.87762272617
848,1,1.0,137470.33032076512
1525,3,2.0,186358.8908433876
1235,2,1.0,154783.36204542822
1412,3,2.5,158700.98903242825
2240,6,2.0,171698.58114302802
2295,4,2.5,257702.80161923377
1668,3,2.0,205743.2576171703
1614,3,2.0,198636.29617243222
866,2,1.0,116170.00916904121
1494,3,2.0,181917.61518002403
1432,3,2.5,162658.11358747128
1904,3,2.5,245753.73242784388
1125,3,1.0,123526.77194745498
1072,2,2.0,140292.16138868482
1867,2,1.0,192878.6732934742
1482,4,2.0,153444.42821462438
2376,4,3.5,279145.34362258343
1048,3,1.0,116820.30656227197
1820,4,2.0,192777.0949487028
1200,2,2.5,147248.10398544814
2018,3,2.0,245539.8336839629
996,3,1.0,111993.95624734023
848,1,1.0,137470.33032076512
1761,3,3.0,211956.52764326482
1057,3,1.0,117631.30390999607
1593,0,1.5,295539.04091256834
1382,3,2.5,152698.81991987565
1391,2,2.0,198434.6492506532
1363,2,1.0,165358.13801871103
1459,3,2.0,176800.8889779479
1652,2,2.0,239296.38398677149
1026,3,1.0,114807.64132453408
2640,4,1.5,187195.929498811
1640,3,2.5,201710.3051958135
1108,3,1.0,122091.33169592339
693,2,1.0,93910.87826363454
1203,3,1.0,129784.48710898808
1572,3,1.5,180500.8169756113
1560,3,2.0,191270.85162310032
1958,4,2.0,205924.60237927028
894,3,1.0,101830.68203970768
1269,2,2.0,177263.56068985406
1428,3,2.0,172178.24965477674
1932,2,2.0,276418.90391658223
1684,2,2.0,243890.69327569273
3279,4,3.5,416924.4646725197
816,2,1.0,110009.31168884029
2157,4,2.5,242214.77273399444
1682,3,2.5,209130.4679260427
698,2,1.0,94591.43582324311
1687,3,1.0,156558.60394746924
1224,2,2.5,152787.9374986259
1728,6,2.0,141930.67396378078
1141,3,1.5,133092.39567282377
1277,2,1.0,158413.29974187302
1123,3,1.0,123359.22626934515
2524,4,2.5,279679.0374965668
1314,3,2.0,154446.2316118393
1981,4,2.0,207951.7310291675
864,2,1.0,115927.83613575241
1426,3,1.5,166285.57020158393
1555,2,2.0,224815.2887750681
1068,3,1.0,118612.77215614944
2622,3,2.5,334288.46797592915
1028,2,1.0,134608.4907222841
1664,3,2.0,205225.6803326696
1620,2,2.0,234611.30422490646
630,1,1.0,105509.20427908054
1954,3,1.5,208754.66058119558
1456,3,2.5,167359.85952841115
630,1,1.0,105509.20427908054
1393,3,1.5,162810.72775324478
1477,3,2.0,179445.91055270462
874,3,1.0,99729.73866668533
894,2,1.0,119523.20155829101
1535,3,2.0,187773.38858901788
1690,3,2.5,210526.1036476133
1008,2,1.0,132458.00809174767
1720,3,2.5,215709.21107071228
1134,2,1.0,145414.09044311295
1012,2,1.0,132890.94119513445
1479,3,2.0,179738.02897798902
1803,3,2.0,222379.7976464176
1590,3,2.5,192672.8991440533
1476,3,2.5,171238.97820826803
936,2,1.0,124422.684873389
1431,3,2.0,172629.32485502094
1199,2,2.0,164520.53356561993
1340,3,2.0,158591.78371551426
864,2,1.0,115927.83613575241
1604,3,2.5,195225.71088462215
1352,2,2.0,191810.31101192356
1252,3,1.0,133439.8030453994
2046,3,2.5,266888.53341085266
3086,3,3.0,418541.55484773486
952,2,1.0,126248.02433715938
1636,3,2.0,201562.9272592518
1136,3,1.0,124441.93519970022
1904,3,1.5,205792.25074427036
1928,4,2.5,212788.70984727234
2520,5,2.5,240634.66474081404
882,2,1.0,118094.62883759386
1176,3,1.0,127679.38567071725
2110,3,2.5,275829.74259629496
950,3,1.0,107524.69109508398
2042,3,2.5,266317.6523833246
988,3,1.0,111230.16648467761
2210,5,2.0,194855.9863568837
912,2,1.0,121642.12701854101
955,3,1.0,108019.566697145
2296,3,2.5,299754.18111185497
1524,3,1.5,176035.79961693272
988,3,1.0,111230.16648467761
1567,2,2.0,226651.9724217532
1304,3,1.5,152957.93990425614
2898,2,2.0,351144.6206372401
848,1,1.0,137470.33032076512
1734,3,2.0,214078.51738906853
1775,3,2.5,225004.37157376393
1126,3,2.0,122687.55762371418
1117,3,1.0,122854.46180205603
827,2,1.0,111383.67906656108
520,1,1.0,87782.91014700796
1246,3,1.5,146159.13670074363
2473,4,2.5,275187.11738281045
1506,2,2.0,217183.02019451416
1776,3,2.0,219181.7311928651
2158,4,2.0,221982.8262228307
1034,2,1.0,135246.7213543263
2262,4,2.5,254152.71660475348
974,3,1.0,109879.88337186043
1458,2,2.5,204125.53544714637
1535,4,2.0,160281.45310814667
1211,3,1.0,130395.81084287792
907,3,1.0,103177.28130009561
1040,2,2.0,133961.86680471373
2364,2,2.5,357117.14520587365
1291,2,1.0,159588.5309023475
2392,3,2.5,310902.406220983
2418,3,2.5,313781.1293266235
1150,3,1.0,125591.1758978333
780,2,1.0,105436.39007720015
987,2,1.5,134716.6991510124
1077,2,1.0,139727.32210800514
988,2,1.0,130272.06824521758
886,2,1.0,118572.23803313266
1400,3,1.5,163555.88206195532
1573,3,1.0,152121.78541365496
1939,3,2.5,251128.998452646
1453,2,1.5,198302.97807253178
848,1,1.0,137470.33032076512
1456,3,2.5,167359.85952841115
1559,2,1.0,178736.1699222231
1620,4,2.5,165880.69563447693
816,2,1.0,110009.31168884029
2730,4,2.5,295476.4017701227
1768,4,2.0,187385.06509647457
1316,3,2.0,154767.24766815852
1548,3,2.5,184910.2197073253
1452,3,2.5,166579.7809265205
1498,2,2.0,215916.72491518487
2353,4,2.5,263708.4159954991
1657,3,2.0,204316.50732775402
1768,3,2.5,223836.24317682008
2223,3,2.0,263806.5758716995
854,2,1.0,114711.65238690938
1432,2,1.5,195851.68658811986
1478,3,1.5,171565.17839575335
1026,3,1.0,114807.64132453408
1742,2,2.0,251986.52052750377
990,3,1.0,111421.64578358314
2080,5,2.0,187286.86057115588
800,1,1.0,130794.68176793327
1040,3,2.0,107115.26126822314
1040,3,1.5,119601.28171053606
1513,4,1.5,151336.79769193043
1797,3,2.5,228647.35512011798
804,2,1.0,108497.76908271798
901,2,1.0,120350.6408832054
872,3,1.0,99517.69418250342
1902,4,2.0,200792.90639246683
1629,3,2.0,200636.38021849925
767,1,1.0,126086.70196492253
848,1,1.0,137470.33032076512
1600,3,2.5,194498.10896240218
1848,4,1.5,173755.2864421611
1412,3,2.0,169759.0415113962
935,3,1.0,106026.76783290331
2256,4,2.5,253496.87536644246
935,2,1.0,124307.84769106348
1099,3,1.5,127592.0581972247
1664,4,2.5,173096.67929824712
1582,3,2.5,191206.34899049535
2028,2,2.0,287546.79544974025
1779,3,2.5,225669.92336799498
2229,5,1.0,107562.48844017144
480,1,0.0,64410.03897744296
1718,3,2.0,212093.30556945046
1702,1,1.5,263669.59836909664
938,3,1.0,106327.94806005915
1654,3,2.0,203925.53210861897
4316,4,3.5,485984.06638416136
2794,4,2.5,299618.44490226917
928,2,1.0,123501.50540966532
1732,3,2.5,217760.1159938758
1694,4,2.0,179298.53799282046
1056,3,1.0,117541.54766574223
900,3,1.0,102454.05089449562
2057,3,1.5,214158.76201170633
1430,3,2.0,172479.05509797958
768,2,1.0,103886.55367780467
864,2,1.0,115927.83613575241
1180,2,1.0,149793.41689568802
1348,3,1.5,157916.73769761017
2515,4,3.0,299978.82278939954
2274,5,2.0,198032.02921302032
1077,3,1.0,119407.81375667639
1792,4,3.0,180328.31021196544
1258,0,1.0,222007.50598484906
1375,2,1.0,166275.06311261954
605,2,1.0,81570.33789490853
1144,3,1.0,125100.7716030216
1234,3,2.0,141314.84018792192
1056,0,0.0,119306.2025530544
1646,3,2.0,202879.0312304996
1526,4,1.0,129652.68750823246
1216,2,1.0,153089.87873155618
1800,6,2.0,147520.89166421155
1950,3,2.5,252795.94108561063
2574,3,2.5,329795.09136485204
2868,4,3.5,363176.70958797145
2403,4,2.0,236821.9967140555
1944,3,2.0,238030.92318273077
882,1,1.0,142075.34631461644
1522,4,2.0,158627.49419258424
1556,3,2.5,186400.88076775896
2872,4,2.5,304175.6548141403
1588,4,2.0,166869.47970235345
1487,3,1.5,172454.62422257624
1717,3,2.5,215194.49037152165
1360,2,1.5,187150.4817436974
1573,3,2.5,189549.69887518385
1265,3,2.0,146470.57875355784
1044,2,1.0,136303.34763119783
954,3,1.0,107920.76886281274
1389,3,1.5,162382.97514424488
1989,3,2.5,258619.5834566826
1710,3,2.0,211092.18992780297
1689,3,2.0,208437.26956280318
1500,2,2.0,216233.83059325707
1368,2,2.0,194544.2985574261
1092,3,1.5,126660.13300326759
1365,2,1.5,187769.579789313
1073,2,1.0,139317.43619501425
1308,2,1.5,180580.493084039
1118,3,1.0,122938.81082087083
1306,1,2.0,220949.22154345174
2008,3,3.0,262268.4088209511
1247,1,1.5,205317.34127939315
1317,3,1.0,137960.26906933435
1739,3,2.5,218950.58243689555
1343,3,1.5,157361.88064476382
1533,2,2.0,221414.88292585794
1446,3,2.5,165407.0037324851
1344,3,1.0,139727.90645438543
2630,4,2.5,288277.58644827374
1337,3,2.0,158116.50896535433
980,3,2.0,95862.61194693591
2020,3,2.5,263152.4548224851
1121,3,1.0,123191.32601907538
1595,2,1.0,180823.18612054738
892,3,1.0,101622.18327712515
2243,4,2.5,252064.93860133082
1285,3,1.5,150763.5879976955
1225,3,1.5,143623.97165642568
1471,3,2.5,170272.5226523032
1363,2,1.0,165358.13801871103
1566,3,2.0,192101.99894856158
1402,2,1.0,168291.47401336217
1144,3,1.0,125100.7716030216
1352,3,1.0,140239.24083917317
1734,4,2.0,183729.9109917146
894,3,1.0,101830.68203970768
1324,2,2.0,186971.22869466382
1647,3,2.0,203010.15409090443
1131,3,1.5,131796.9743983643
1466,3,2.0,177832.9212362816
1215,3,1.0,130699.34527686323
1128,2,1.0,144829.04563506125
968,4,2.0,74221.2116509749
1632,4,1.5,160439.62061278438
1178,2,1.0,149606.91169150922
930,2,1.0,123732.33213383614
1501,3,2.5,176038.014848098
864,2,1.0,115927.83613575241
1229,3,1.0,131750.5467727738
1915,3,2.5,247454.80263120247
1396,3,1.0,142950.17231776376
1208,2,2.0,166183.25528178285
996,2,1.0,131150.69904974886
2062,3,2.5,269157.87463456707
923,2,2.0,110044.07017404749
720,2,1.0,97559.56210264552
2978,5,2.5,264229.2919183223
1744,3,2.5,219798.25631928162
2945,3,3.5,432706.1258129879
1876,4,2.5,205459.18305431158
1347,3,1.0,139920.3216714807
1431,3,1.0,144984.04608204644
1137,2,2.0,152871.125078826
1060,3,1.0,117900.04078451771
789,2,1.0,106590.39060946826
1838,4,2.5,199951.41079954428
1472,3,2.5,170465.99104957617
1505,3,1.0,148926.73894627354
691,2,1.0,93638.03473851123
1159,3,1.5,135401.81592077477
1069,2,2.0,139702.5522436768
1224,3,1.0,131377.11213549113
1302,3,2.5,136303.00624380523
1603,3,2.5,195043.9433686272
2090,3,2.5,273074.61766343715
1973,3,2.0,241031.4439086951
1208,3,1.5,141543.06349006295
894,3,1.0,101830.68203970768
1644,2,2.0,238133.62377814375
1726,3,2.0,213088.74805653896
1933,4,2.5,213480.8404057054
1337,2,2.0,189226.58818121857
848,1,1.0,137470.33032076512
1005,2,1.0,132132.37751228779
1430,3,2.5,162263.99670668665
2076,2,2.5,316372.5721273038
1337,2,2.0,189226.58818121857
1971,3,2.5,255948.5020507448
1112,3,1.5,129311.25281937573
1224,2,2.0,169121.47639140897
1002,3,1.0,112563.07556165787
1709,3,2.0,210966.65157891714
1869,2,2.0,268672.2564321866
1473,1,1.0,205750.09817242742
1558,3,1.5,179219.6172895129
1776,3,2.5,225170.89248688167
630,1,1.0,105509.20427908054
1576,3,2.5,190102.71336764752
792,2,1.0,106973.46187883793
1718,3,2.0,212093.30556945046
1489,3,2.0,181193.30252201195
1840,3,2.5,235643.8534032503
1131,2,1.0,145121.96693276704
1530,3,2.0,187067.24775420254
1456,3,2.5,167359.85952841115
1510,4,1.0,129100.80989115124
864,3,1.0,98665.97052417649
896,2,1.0,119760.05600918074
1329,3,1.5,155796.49137247622
1629,3,2.5,199741.08979650287
1604,3,2.5,195225.71088462215
1280,2,2.0,179226.5459064922
1655,3,2.5,204378.3135293493
1187,3,2.0,133335.5925735377
1465,3,2.5,169109.85076482597
1341,2,1.5,184777.69855724185
882,2,1.0,118094.62883759386
1337,2,2.0,189226.58818121857
987,2,1.5,134716.6991510124
1092,3,1.5,126660.13300326759
1456,3,2.5,167359.85952841115
836,2,1.0,112500.18359291591
2334,3,2.5,304264.70484761405
1544,3,2.0,189038.8575801664
1698,3,2.0,209579.87930053365
1822,3,2.0,224591.551846
2696,3,2.5,340815.6222355177
2250,3,2.5,294122.8150784762
1370,2,2.0,194884.45142589425
1324,3,2.0,156047.7661718361
1145,2,2.0,154393.42145762953
1374,3,2.5,151084.7677477841
1733,3,2.5,217930.4485577128
2475,4,2.5,275367.61462172086
1595,2,2.0,230887.9274949607
1218,2,2.0,168022.30276649867
1468,2,2.0,211117.59108490907
1659,3,2.5,205086.41398277282
1012,2,1.0,132890.94119513445
1494,3,2.0,181917.61518002403
2349,4,2.5,263303.809142006
2225,4,2.5,250057.5255184051
1488,2,2.0,214325.8779424247
1680,2,2.5,248343.6799531351
1200,2,2.5,147248.10398544814
1200,2,2.5,147248.10398544814
1236,2,2.5,155538.7073585781
1512,2,2.5,215283.3851563496
1080,2,2.5,118783.06055409655
1418,1,1.5,229399.96050450686
1848,3,2.5,236927.44432228096
1492,3,2.0,181628.15604593916
1829,4,2.0,193685.99837018977
2495,4,2.5,277153.0855420289
1891,3,3.0,239110.5954242846
1645,4,2.0,173676.81992048965
1232,3,1.5,144473.37018015754
1209,3,1.0,130243.51176764537
1510,3,2.0,184220.52365494528
1775,3,2.0,219062.04328461815
1728,6,2.0,141930.67396378078
2461,3,2.0,280340.8228825192
1556,3,2.0,190714.98054532646
1128,2,1.0,144829.04563506125
1604,4,2.0,168809.38696140118
1480,3,2.0,179883.95522607127
1143,3,1.0,125018.72730324637
1206,3,1.0,130014.39833199666
1580,3,1.5,181225.1304944346
1337,3,1.0,139275.835108097
1064,2,1.0,138390.00727294563
972,3,1.0,109685.56749567538
988,2,1.0,130272.06824521758
985,2,1.0,129941.11908335864
1224,3,1.0,131377.11213549113
1175,3,1.5,137430.52301207773
1395,2,1.0,167774.90582967224
1844,3,1.0,160783.2115855665
936,2,1.0,124422.684873389
1347,3,1.0,139920.3216714807
1251,3,1.0,133367.33219394245
1633,3,1.0,154600.55478780522
1245,3,1.0,132930.64558136117
832,2,1.0,112004.84578938028
1566,3,2.0,192101.99894856158
2268,3,3.0,309385.8209794754
2256,4,2.0,228556.99023632656
1470,2,1.5,200258.72519133138
1612,3,1.5,184065.65302413798
2068,3,1.5,214680.3198716131
765,2,1.0,103497.10010955614
1132,2,1.0,145219.43007925566
1196,3,1.5,140058.7632483791
1453,3,1.5,169056.82225147422
1416,3,1.5,165242.78159107934
1040,2,1.0,135881.76083692905
1536,4,2.0,160408.06021575618
1068,2,1.0,138803.084335376
1962,4,1.5,179115.62338111902
1560,3,1.5,179403.7095325782
1324,3,1.0,138424.75044122056
1675,3,2.0,206645.60510800718
1224,3,1.5,143502.2744380184
1392,3,1.0,142710.815444727
919,3,1.0,104406.9995459945
1884,4,1.5,175572.47925102248
1680,2,2.0,243321.36862481668
1832,4,2.0,193987.3706026325
892,3,1.0,101622.18327712515
864,2,1.0,115927.83613575241
1373,3,1.0,141554.50179356578
1440,4,1.5,145131.50261879427
1483,1,1.5,237874.2803739826
756,2,1.0,102323.95268065145
1981,4,2.5,220012.5398198033
1610,4,2.0,169531.00174290515
1074,3,1.0,119143.59767719393
1531,3,1.0,150196.7734601037
1172,3,1.0,127362.02292249439
1508,1,1.0,208549.93806030342
1298,3,2.0,151865.3385635277
1433,1,1.5,231388.8139220722
1802,3,2.5,229469.32252090864
1222,2,2.0,168755.43975526546
1445,3,2.0,174723.79393440284
965,2,1.0,127714.40343843584
1692,3,2.5,210874.12614760615
1026,3,1.5,117659.8686626357
876,3,1.0,99941.42857870727
1978,3,2.5,256990.6686878711
2098,4,2.5,235077.9301982198
848,1,1.0,137470.33032076512
640,2,1.0,86560.72377932805
992,3,1.0,111612.77051032879
1196,3,1.0,129244.92508223528
1120,2,1.0,144044.02188075328
1096,3,1.0,121062.65586470856
960,3,1.0,108512.22622320638
1296,2,2.0,182062.6502340565
856,2,1.0,114955.59828099786
2650,6,3.0,235455.5363187392
1666,3,1.0,155827.8551987322
2133,4,1.5,184996.11951274166
2177,5,2.5,210787.42531711134
1652,3,2.5,203846.3074373619
1034,1,1.0,161409.41862685326
1191,2,2.0,163036.53098008953
540,1,1.0,91085.65145246146
1107,2,1.0,142756.25850504494
952,3,1.0,107722.90726502832
1646,2,2.0,238424.84568854058
1916,3,2.5,247608.9135187225
1285,3,2.0,149751.65374873756
2048,5,3.0,192539.02176889105
1346,3,2.0,159539.93985375462
1214,2,2.0,167287.74748909214
1444,3,2.5,165015.36885682002
1264,2,1.0,157306.4568107724
1430,3,2.0,172479.05509797958
1344,3,2.0,159224.24237983444
945,2,1.0,125452.23057751934
1092,3,1.5,126660.13300326759
1092,3,1.5,126660.13300326759
1092,3,1.5,126660.13300326759
874,3,1.0,99729.73866668533
833,2,1.0,112128.81320482417
2432,4,5.0,197412.60735322235
1274,3,1.5,149478.54763440508
1479,5,2.0,132822.39212365003
1803,3,2.5,229633.4500719468
1797,3,2.5,228647.35512011798
882,2,1.0,118094.62883759386
1434,4,2.0,147037.53494062598
1608,3,2.5,195951.89451820237
2283,4,2.5,256423.03063700625
1628,3,2.5,199561.53835650746
2522,1,2.0,386472.4884777914
1478,2,2.0,212726.16666566613
1734,2,2.0,250887.5833076647
1382,3,2.5,152698.81991987565
1636,3,2.5,200995.46787135125
1516,3,2.5,178890.8439200008
1190,3,2.0,133850.7566916905
1934,3,2.5,250367.75153424448
2050,4,2.5,229044.05009667293
1671,3,2.0,206130.50982862603
2673,4,2.5,291481.70908216946
1707,3,2.0,210715.30895202546
1884,3,2.5,242633.3981702515
1874,3,2.5,241059.93458545764
1811,3,2.5,230943.27933081271
1621,3,2.0,199572.1507323831
1116,3,2.0,120910.50984454874
1193,3,2.0,134365.12302248352
1180,2,1.5,163387.04548580063
1050,3,1.5,120977.3681513811
864,3,1.0,98665.97052417652
864,3,1.0,98665.97052417652
987,2,1.5,134716.6991510124
987,2,1.5,134716.6991510124
1548,3,2.5,184910.2197073253
1055,2,2.0,136940.49437854812
1456,3,2.5,167359.85952841115
1548,3,2.5,184910.2197073253
1456,3,2.5,167359.85952841115
836,2,1.0,112500.18359291591
1120,3,1.0,123107.24292938052
2772,4,3.5,348465.27240118315
2690,3,2.5,340304.47669192404
2020,3,2.0,245736.04033998444
2674,2,2.5,392757.8275740355
1736,3,2.0,214325.073291801
1782,3,2.0,219897.99713850682
2520,5,2.5,240634.66474081404
1743,3,2.0,215185.2266956054
1531,2,2.0,221103.62768842463
1808,3,2.0,222964.9407316545
1760,3,2.0,217256.08749611644
2452,3,2.0,279806.92490035994
2400,4,3.5,283742.2539578363
1606,3,2.0,197561.42952151792
1358,2,2.0,192838.2156326866
1306,1,2.0,220949.22154345174
1358,2,2.0,192838.2156326866
2492,2,2.5,372865.81205536635
2200,3,2.5,287789.021746233
1884,2,2.0,270548.60780381795
1456,2,2.0,209175.59950672273
1712,3,2.0,211343.00069645475
1405,2,2.0,200779.73025569637
1456,3,2.5,167359.85952841115
1490,3,2.5,173933.2642406516
1220,2,2.0,168389.048546962
1374,3,2.5,151084.7677477841
1630,3,2.5,199920.5525934583
1594,3,2.5,193404.04678787265
1489,3,2.5,173741.39141809844
1342,3,2.5,144571.82751382777
2004,4,2.5,223069.93541357815
1374,3,2.5,151084.7677477841
1514,3,2.5,178511.61906993363
1430,3,2.5,162263.99670668665
2312,4,2.5,259493.96000136665
1430,3,2.5,162263.99670668665
2687,4,2.5,292489.5432272282
2063,3,2.0,249868.72130326266
2061,3,2.5,269016.70563088474
2232,3,2.5,291868.17867438414
1696,3,2.0,209326.58652676232
1658,3,2.5,204909.52183397688
1702,3,2.0,210085.4011315965
1432,3,2.0,172779.50596902243
2490,2,2.0,329673.8628851848
1436,3,2.0,173379.34399462843
1402,3,2.0,168235.51282658547
1530,3,2.0,187067.24775420254
1448,2,2.0,207873.84701139978
1795,3,2.5,228317.9476585218
1836,3,2.0,226200.78892450858
1662,3,2.0,204966.35983217935
1553,3,2.0,190297.1464850762
1653,3,2.5,204023.73144439768
1218,3,1.5,142770.2296237346
1141,3,1.5,133092.39567282377
1158,3,1.5,135274.26826172846
1812,3,2.5,231106.60909449108
1512,3,2.0,184506.79163959072
1114,3,1.5,129574.41465410688
1114,3,1.5,129574.41465410688
1114,3,2.0,120554.03657223584
1450,2,2.0,208199.81699347045
2122,4,2.5,238018.28266244693
1730,3,2.5,217419.18493708174
1332,2,2.0,188360.91508565107
1540,3,2.5,183413.88549233272
1400,3,2.5,156309.69483572547
1882,4,2.0,198892.78911536335
980,3,1.0,110460.70356745597
864,3,1.0,98665.97052417652
864,2,1.0,115927.83613575241
1020,3,2.0,103399.83537712108
912,3,1.0,103691.21515575319
912,3,1.0,103691.21515575319
2014,2,2.0,285974.859039439
1755,3,2.5,221655.33827301228
3005,3,2.5,362825.582582162
1726,2,2.5,256959.60248564338
1256,1,1.5,206649.4683305476
1512,2,2.5,215283.3851563496
1452,3,2.5,166579.7809265205
1694,2,2.0,245307.79989008393
1740,2,1.5,227886.1166116091
2499,4,2.5,277505.92486017116
2067,3,2.5,269862.39000737877
2640,5,2.5,248614.34397881295
1336,3,2.0,157957.90676255434
1216,3,1.0,130775.0072777596
2288,4,2.0,230519.27851348466
864,2,1.0,115927.83613575241
1568,3,1.5,180136.53278324005
2061,4,2.5,230444.85314524753
1320,3,2.0,155408.21606431718
894,2,1.0,119523.20155829101
864,3,1.0,98665.97052417652
1362,3,1.0,140870.43094655927
1728,3,2.0,213336.72224791124
1313,3,1.5,153986.20073169423
1292,3,1.5,151575.75644463405
2140,4,2.5,240190.03994150317
1576,4,1.0,131231.04404563742
960,2,1.0,127152.1843372061
1691,2,1.0,185826.92034807245
1453,3,2.0,175912.83282081675
1567,2,2.0,226651.9724217532
1144,3,1.0,125100.7716030216
1329,3,1.5,155796.49137247622
988,3,2.0,97381.40294209096
1202,3,1.0,129707.6727485719
1382,3,1.0,142106.21824933615
1200,3,1.0,129553.7780986196
1866,4,2.0,197347.16609816518
1062,3,1.0,118078.75548566553
1112,2,1.0,143253.32497188632
793,2,1.0,107100.97501588115
1031,2,1.0,134928.00493198514
1210,2,1.5,167547.06503541445
1527,3,1.5,176320.84660704908
1200,3,1.0,129553.7780986196
792,2,1.0,106973.46187883793
1352,4,2.0,135619.95819442978
1039,2,1.0,135776.14253076183
1078,3,1.0,119495.70849709057
2377,3,2.0,275078.54947308276
1690,4,2.0,178847.6001054124
599,2,1.0,80703.94007794712
846,2,1.0,113732.3230889561
725,1,1.5,115768.84475799064
2544,6,3.0,225123.8997050091
1380,3,1.5,161415.34615615595
1040,3,1.0,116093.39230424276
951,2,1.0,126134.60544347363
1105,3,1.0,121835.35941915947
1142,2,1.0,146189.18617694275
1133,3,1.0,124193.40893829498
1041,3,1.0,116184.56683713636
732,2,1.0,99160.45689307188
1183,3,1.0,128231.35772306783
1461,4,2.0,150666.5427090856
1495,3,1.0,148422.3083860648
1806,4,1.5,171490.03086566224
941,2,1.0,124995.5411394168
1045,3,1.0,116548.3785383109
1378,3,1.0,141861.89736606026
1944,4,2.0,204667.73943632477
1306,3,1.5,153187.0628116334
1464,3,2.0,177538.49809195762
1558,3,1.5,179219.6172895129
1701,4,2.0,180084.2665387451
1447,3,1.0,145877.65058540492
1328,3,1.5,155684.01303022727
861,2,1.0,115563.91176301934
612,1,1.0,102681.93440366647
792,2,1.0,106973.46187883793
1510,3,2.0,184220.52365494528
2007,3,2.0,244454.35909848553
1288,3,1.0,135989.71743321972
816,2,1.0,110009.31168884029
1480,3,1.0,147649.0419757547
1521,4,1.0,129482.66343649416
797,2,1.0,107610.14113365431
1432,3,1.0,145040.5611863062
1654,3,2.0,203925.53210861897
1142,3,1.0,124936.59436043116
995,2,1.0,131041.18044982242
1582,3,2.0,194302.79064142107
1072,2,1.0,139214.74310916656
1768,3,2.0,218221.7459217702
1944,3,2.0,238030.92318273077
2128,4,2.0,219800.1323982562
1930,4,2.0,203393.50245754232
1427,3,1.0,144757.0992346074
1864,6,2.5,151627.309771527
1666,3,1.0,155827.8551987322
892,1,1.0,143410.26131459975
1403,3,1.5,163873.90426294578
704,2,1.0,95405.17967445392
1200,3,3.0,77594.99974949079
1152,2,2.0,155720.7770294835
1112,4,2.0,98777.49333569684
1052,3,1.5,121251.52172307031
1034,3,1.0,115544.48360304152
1774,4,2.0,188019.4551266342
1138,3,1.0,124607.17615877048
2071,4,1.5,183163.5346363066
660,2,1.0,89363.61918414792
1383,2,1.0,166879.2550653599
1073,2,1.0,139317.43619501425
1639,3,1.5,186391.7397272278
1089,3,1.0,120456.70020100762
1049,2,2.0,135751.43671109396
1061,1,1.5,176179.17402542193
1338,2,1.5,184400.12336011362
1879,3,2.5,241847.77441585434
2016,4,1.0,135564.8618645085
2228,6,2.0,171266.82493846686
1535,4,2.0,160281.45310814667
1229,2,1.0,154252.03491960696
1513,4,2.0,157473.67005162107
2787,6,5.0,194418.33854899477
2787,6,5.0,194418.33854899477
2787,6,5.0,194418.33854899477
1680,1,1.5,261270.37735321486
1720,3,2.0,212342.69804946255
1468,3,2.0,178126.98980844565
1838,3,2.0,226429.26164708435
1290,2,2.0,181001.77040241935
1254,2,2.0,174569.47727436872
1498,3,2.0,182495.46973171397
1422,3,2.5,160683.9834619489
1759,3,2.5,222327.98151044207
990,3,1.0,111421.64578358314
1463,3,2.0,177391.15355523562
1772,3,2.5,224504.2769761707
1444,3,2.0,174574.76517992126
1492,3,2.0,181628.15604593916
907,3,1.0,103177.28130009561
914,2,1.0,121875.79031999133
1611,3,2.0,198233.8860011392
2184,4,2.5,245377.87085043578
1725,3,2.5,216565.30604189678
1870,3,2.5,240428.0671464205
1513,2,2.0,218286.37480432805
1828,3,2.0,225283.3523126062
1417,3,2.0,170517.48173980214
1602,3,2.0,197021.86876310114
1396,3,2.5,155509.76019287837
1149,3,1.0,125509.66345629797
1072,2,1.0,139214.74310916656
876,3,1.0,99941.42857870727
1368,3,1.0,141244.89014507164
1678,6,2.0,137778.2170665299
1560,2,1.0,178795.6938475985
1298,3,1.0,136677.63908619565
1268,3,1.5,148773.09573211655
1242,3,1.5,145679.26198423305
1232,3,1.0,131973.54383866364
1228,3,1.0,131676.03713139726
1567,2,1.5,210927.8807952331
1273,2,1.0,158074.32826086946
2480,5,2.5,237691.11393353165
1112,2,1.0,143253.32497188632
1561,3,2.0,191409.5977849438
1523,3,2.0,186074.92757778175
1906,3,1.5,205915.00200366662
1032,2,1.0,135034.33238247214
1229,2,1.5,170140.48074839058
1229,2,1.5,170140.48074839058
1982,3,2.5,257584.24233363502
2365,3,2.0,274275.7377378467
2168,5,2.0,192574.3888255393
572,2,1.0,76765.65942730787
1648,2,2.0,238715.71302677746
810,1,1.0,132202.28406070356
2052,3,2.5,267742.195660945
926,2,1.0,123270.32411333456
1287,2,1.5,177859.28354287517
1595,2,2.0,230887.9274949607
2036,3,2.0,247292.92899039885
1641,3,2.0,202222.08728287552
2237,3,2.5,292497.3474632092
1479,3,2.5,171817.7878253671
2014,3,2.5,262281.7731087158
1978,2,2.0,281852.9581055356
1008,3,1.0,113129.00372653603
1404,3,2.0,168540.9277078675
796,2,1.0,107482.98256877101
1091,2,1.0,141150.75378043528
883,2,1.0,118214.16410103854
1287,3,1.5,150996.07934059214
1632,4,1.5,160439.62061278438
1604,3,2.5,195225.71088462215
1470,3,2.5,170078.96561199028
1604,3,2.5,195225.71088462215
1636,3,2.5,200995.46787135125
1384,3,2.0,165470.82314785014
1682,1,1.5,261490.2612154583
1280,2,2.0,179226.5459064922
1633,3,2.5,200458.40912608468
1709,3,2.5,213818.00154658765
1337,2,2.0,189226.58818121857
2500,5,3.5,256874.92803274674
1884,2,2.0,270548.60780381795
1474,3,1.0,147334.15090011162
1710,2,2.0,247556.73272079314
1488,3,2.5,173549.42995250525
1688,2,2.0,244458.59963792903
1260,3,2.0,145644.76981476395
2064,3,2.0,249962.88001599416
1782,3,2.0,219897.99713850682
1211,3,2.0,137434.5674726844
2044,3,2.5,266603.2701831686
1308,3,1.5,153415.83114685066
2840,4,2.5,302371.2715123395
1444,2,2.0,207220.84333077873
2340,4,2.5,262388.25810380746
1792,4,3.0,180328.31021196544
936,2,1.0,124422.684873389
864,3,1.0,98665.97052417652
987,2,1.5,134716.6991510124
987,2,1.5,134716.6991510124
1302,3,2.5,136303.00624380523
1456,4,2.5,137472.86083409068
1055,2,2.0,136940.49437854812
1582,3,2.0,194302.79064142107
2464,4,2.5,274370.49197723414
1950,2,2.0,278567.61099311826
2748,4,2.5,296678.0496195924
2790,4,2.5,299370.2043713081
2331,3,2.5,303913.26462807436
2088,4,2.5,233837.71402132788
2332,4,2.5,261568.40723202305
2470,1,1.5,320533.47031391854
1575,2,2.0,227869.33674301123
2649,4,2.5,289713.5721786929
2690,4,2.5,292703.2472893641
1866,2,2.0,268294.5927957806
1367,2,2.0,194374.08915863212
1800,2,2.0,259784.1525928082
1342,2,2.0,190090.04520078652
1342,2,2.0,190090.04520078652
1626,2,2.5,237989.99990266815
1455,2,2.0,209013.19069544735
1576,2,2.0,228021.10838948857
1246,2,2.0,173124.4776264314
1515,3,2.5,178701.27581648724
1720,3,2.5,215709.21107071228
1986,4,2.5,220681.17997264062
1358,2,2.0,192838.2156326866
1892,3,2.5,243885.78673920766
1414,3,2.5,159098.29706265224
2322,4,2.5,260535.61576869412
1651,3,2.5,203668.79478728605
2199,3,2.5,287660.0854820686
2172,4,2.5,243980.0273389493
2006,2,2.0,285068.80907460535
2125,4,2.5,238382.23667735592
2501,4,2.5,277681.8126610025
2197,4,2.5,246877.79682721538
1578,3,2.0,193754.72015116582
1861,3,3.0,232977.2366501793
1874,3,2.5,241059.93458545764
1460,3,2.0,176948.58808682978
1372,3,2.0,163611.74094816277
1660,3,2.0,204706.68475952916
1218,2,2.0,168022.30276649867
1696,3,2.5,211569.107431112
1663,3,2.5,205793.09614755653
1175,3,1.0,127600.1779482215
1162,3,2.0,129011.53319160288
1609,3,2.5,196133.21881899747
1680,3,2.5,208780.67256525022
1657,3,2.5,204732.541042141
1677,3,2.5,208255.31470126155
1737,3,2.5,218610.89238266126
984,3,1.0,110846.14417038666
864,3,1.0,98665.97052417652
890,3,1.0,101413.3299423827
864,3,1.0,98665.97052417652
1430,3,2.0,172479.05509797958
1641,4,2.0,173208.50799724468
2683,4,2.5,292203.36347515404
2786,4,2.5,299120.54555170727
1245,1,2.0,209193.32053237638
1200,2,2.5,147248.10398544814
1392,2,2.0,198602.73121648756
1549,3,2.5,185096.86259051945
1638,2,2.0,237257.83061399354
1310,1,1.5,214491.44882646113
1419,2,1.5,194314.63031926638
1557,2,2.0,225122.2891465821
1404,3,2.5,157108.21118993283
1789,3,2.5,227327.5978407738
1586,3,2.5,191940.33321159412
1607,3,2.5,195770.48157436735
2393,2,2.5,360812.44962285913
1239,1,1.5,204127.2006183147
2944,3,3.0,403847.2713179287
1671,3,3.0,192279.9915451772
1812,3,2.5,231106.60909449108
1427,4,2.0,146086.13255297093
1740,4,1.5,167614.4197366604
1620,4,2.0,170726.60160221308
1625,4,2.0,171321.07741786758
1464,4,1.5,147223.7217366511
925,3,1.0,105017.07194478484
1728,6,2.0,141930.67396378078
1670,4,1.5,163081.9822143642
1014,2,1.0,133106.87588858794
1114,3,1.0,122600.88288737167
1118,3,1.0,122938.81082087083
906,2,1.0,120939.00968123044
1496,3,2.0,182206.71974194897
1337,3,1.0,139275.835108097
1036,3,1.0,115727.80774226853
1988,4,2.5,220948.0155324956
1176,3,1.0,127679.38567071725
1440,2,2.0,206566.4213615179
1570,3,1.0,151989.47017766893
1104,3,1.0,121749.85804082485
882,2,1.0,118094.62883759386
1152,3,1.5,134507.120803611
950,2,1.0,126021.09790674786
1790,3,2.0,220848.05438912348
1764,4,2.5,188858.41228256622
1824,5,2.0,168001.8298581851
869,1,1.0,140326.70468016053
1159,3,1.0,126320.79893485193
672,2,1.0,91028.33696336288
1436,3,1.0,145265.7351729455
1044,3,1.5,120152.78000335391
1312,3,1.5,153872.3041008055
1081,3,1.0,119758.8608600932
876,2,1.0,117375.55575308614
1256,3,1.5,147352.6184792213
1027,3,1.0,114900.05685998745
1320,3,2.0,155408.21606431718
984,2,1.0,129830.62540999232
1278,4,1.0,118548.50146920898
1800,6,2.0,147520.89166421155
1588,3,1.5,181943.7708586989
825,2,1.0,111134.59187615354
1117,3,1.0,122854.46180205603
1133,3,1.0,124193.40893829498
1323,3,1.0,138358.66188864247
1360,2,1.0,165126.91227683422
672,2,1.0,91028.33696336288
1456,4,1.5,146531.98851859116
1594,3,2.0,195938.49238034835
1656,2,2.0,239875.63665812576
1740,2,1.0,188066.00529382797
1027,2,1.0,134501.80869963716
1436,3,2.0,173379.34399462843
899,2,1.0,120114.6728627155
1080,3,1.0,119671.23204879896
1499,3,1.0,148625.1443266281
407,1,1.0,68456.31364723477
1588,5,2.0,145077.18184034465
1627,4,2.0,171558.24724284947
1450,3,1.0,146042.6751031451
1017,2,1.0,133430.1131059683
2350,4,2.0,234062.90623196468
1540,3,1.5,177546.83135472817
1086,2,1.0,140644.3797943956
2495,5,2.0,206207.71126391584
984,2,1.0,129830.62540999232
1093,2,1.0,141352.68287357126
1143,2,1.0,146285.6742499915
1668,3,1.5,188818.1510005979
1738,3,2.0,214571.2746223736
1210,3,1.0,130319.70562678165
1290,3,1.5,151344.15153213724
1672,3,1.5,189146.97797697547
949,2,1.0,125907.50172698213
1497,3,2.0,182351.13905835137
1342,2,2.0,190090.04520078652
1013,3,1.0,113598.17284700165
1216,3,1.0,130775.0072777596
896,2,1.0,119760.05600918074
1136,2,1.0,145608.39623481027
808,1,1.0,131921.47274646937
2009,4,2.0,210356.24868979803
1902,4,2.0,200792.90639246683
1716,4,2.0,181753.3444641291
1984,5,2.0,180735.75260087018
1609,3,1.0,153647.34083141826
768,1,1.0,126230.78630819896
1536,4,1.5,153194.02874403633
1969,4,2.0,206899.94913072963
1308,2,2.0,184174.83644901236
1040,2,1.0,135881.76083692905
1236,3,2.0,141650.03913063862
759,1,1.0,124930.83606927161
1344,3,2.0,159224.24237983444
1054,3,1.0,117361.76924811455
1075,3,1.0,119231.75834672805
1096,3,1.0,121062.65586470856
992,3,1.0,111612.77051032879
1034,3,1.0,115544.48360304152
1073,3,1.0,119055.3483646198
1126,2,1.0,144633.3215547242
1140,3,1.0,124772.06254568079
960,3,1.0,108512.22622320638
1188,1,1.0,178909.27931930212
1721,3,2.0,212467.26132490856
1350,2,1.5,185905.63742446745
904,3,1.0,102867.85727022123
1524,3,2.0,186216.9535321047
1079,2,1.0,139931.7332062607
1518,2,1.0,176219.36732440544
1509,3,1.0,149126.02916523747
864,2,1.0,115927.83613575241
1269,3,1.5,148890.89265676466
2814,4,2.5,300838.37322747824
1626,3,2.5,199202.16954739668
2200,4,2.5,247221.80615812793
2037,3,2.5,265602.0566305149
1356,3,2.5,147432.40788922168
1615,3,2.0,198770.2556101166
2276,3,2.0,267923.14455830364
1766,3,2.5,223501.69441890487
1511,3,2.0,184363.70196878797
1643,2,2.0,237987.8798583854
990,3,1.0,111421.64578358314
1418,3,2.0,170668.9038563634
1771,3,2.5,224337.40149089307
1652,3,2.5,203846.3074373619
1823,3,2.5,232897.3860543136
1174,3,1.0,127520.8815826858
1076,3,1.5,124513.7079548656
1558,2,2.0,225275.6563677791
2161,3,2.5,282694.82295119076
1947,3,2.5,252342.3840840092
1786,3,2.0,220373.734908135
2327,4,2.5,261053.11953835844
1764,3,2.5,223166.79108882972
848,1,1.0,137470.33032076512
1838,2,2.0,264731.26110997295
1445,3,2.0,174723.79393440284
1564,3,2.0,191825.30441223443
1361,3,2.0,161896.368920558
1092,3,1.0,120716.92734369078
1033,3,1.0,115452.68856886803
1127,3,1.5,131276.32388346095
1117,3,1.0,122854.46180205603
1398,3,1.5,163343.42404609508
3820,5,3.5,400425.4210978681
1152,2,2.0,155720.7770294835
1152,2,2.0,155720.7770294835
784,2,1.0,105950.1656330525
1053,2,1.5,144892.56927197985
1137,4,1.5,114325.81573351623
930,2,1.0,123732.33213383614
1204,3,1.0,129861.21282636424
1292,3,1.5,151575.75644463405
1424,2,2.0,203934.5505980771
1920,4,3.0,204886.77716060882
1316,2,1.0,161643.9444926311
1264,3,1.0,134302.53910576386
1512,3,2.0,184506.79163959072
1603,4,1.0,131991.2121357726
1938,4,2.0,204123.765306949
1374,3,1.0,141616.15819414466
1091,2,1.0,141150.75378043528
1873,4,1.5,175029.4143107571
2161,3,2.5,282694.82295119076
1898,3,2.5,244821.3551582455
1032,2,1.0,135034.33238247214
919,2,1.0,122458.3973204174
1090,3,1.0,120543.53122494198
1200,4,1.0,113929.04824980258
1656,3,1.5,187823.16033962657
912,2,1.0,121642.12701854101
1955,4,2.0,205656.73721594163
733,2,1.0,99293.28861251418
1361,2,1.0,165204.07616716644
1049,2,1.0,136828.3366556342
864,3,1.5,93931.25107320257
1648,2,2.0,238715.71302677746
1646,2,2.0,238424.84568854058
2032,3,3.0,266868.7454940501
1820,3,2.5,232410.05605447813
1872,4,3.0,195847.5466916371
1689,3,2.0,208437.26956280318
1501,2,2.0,216392.25046773322
1537,3,2.0,188055.22442166405
1780,3,2.5,225836.0897089528
1442,3,2.5,164623.37940899513
1612,3,2.5,196676.6598631429
1495,3,2.0,182062.2117825064
1256,3,2.0,144982.5270890091
1440,3,2.0,173977.7637315947
1675,3,2.0,206645.60510800718
1728,3,2.0,213336.72224791124
1964,3,2.5,254901.99190465934
1344,2,2.0,190434.80750733378
1092,2,1.0,141251.76264852326
1189,2,2.0,162664.64390330712
1200,3,1.0,129553.7780986196
1040,3,1.0,116093.39230424276
1475,4,2.0,152522.809888404
988,2,1.0,130272.06824521758
988,1,1.0,155774.42952699985
1160,3,1.0,126401.42494598741
1092,3,2.5,90564.81477660245
816,2,1.0,110009.31168884029
845,3,1.0,96620.38989589414
889,3,1.0,101308.7703104515
1836,4,2.0,194387.95924332945
1587,3,2.0,194985.88428584053
1384,3,2.5,153101.44653249875
1694,3,2.5,211221.79407543907
1714,3,2.5,214678.97188497134
1553,3,2.5,185842.5476928962
2299,5,3.5,221466.08353887682
1187,3,2.0,133335.5925735377
1642,3,2.5,202067.19199980478
1128,3,1.0,123777.42564181986
1179,2,2.0,160799.8899369959
1321,1,1.0,192330.99863225385
2541,4,3.5,309717.96201483137
2338,4,2.5,262183.8272441013
1424,3,1.5,166077.72162380288
1612,2,2.0,233425.85139804272
2234,1,1.5,308624.33180892013
2042,3,2.0,247870.91179366547
1284,3,2.0,149588.4421078584
1479,3,2.5,171817.7878253671
1664,3,2.0,205225.6803326696
1930,4,2.5,213065.8279997655
1177,3,2.0,131612.6170487626
1353,2,2.0,191981.85005631737
1220,2,2.0,168389.048546962
1324,3,2.0,156047.7661718361
1877,4,2.5,205602.39589015735
1422,3,1.0,144471.42120690903
914,3,1.0,103896.16819673637
914,2,1.0,121875.79031999133
1337,2,2.0,189226.58818121857
1337,2,2.0,189226.58818121857
1092,3,1.5,126660.13300326759
1218,4,1.5,123357.98892881094
1055,2,2.0,136940.49437854812
988,3,1.0,111230.16648467761
1816,3,2.0,223896.56022995446
1694,3,2.0,209072.93918083105
2122,2,2.5,323373.77304346056
2656,3,2.5,337347.70801103744
2550,4,2.5,281880.3043029086
2046,2,2.5,311705.5184642284
2552,3,2.0,285335.7988702016
2758,4,2.5,297333.22173258883
2290,2,2.5,347349.929102669
2152,3,2.5,281500.0917172368
2100,3,2.5,274456.6122818653
1802,3,2.5,229469.32252090864
2956,5,2.5,263521.05756711436
2385,3,2.5,310117.1271137309
1818,3,2.5,232084.72617272128
1614,3,2.0,198636.29617243222
1721,3,2.0,212467.26132490856
1828,3,2.5,233707.8298599063
1302,1,1.5,213345.98425753476
1302,1,1.5,213345.98425753476
1362,2,2.0,193521.7125190622
1554,2,2.0,224661.6556247511
1577,2,2.0,228172.79139292586
1324,2,2.0,186971.22869466382
1405,2,2.0,200779.73025569637
1496,3,3.0,151964.64975370732
1536,3,2.5,182663.59095187674
1458,3,2.0,176653.10122602605
1495,3,2.5,174891.29870781794
1746,3,2.5,220136.70537095613
1326,3,2.0,156367.00936735564
1504,3,2.5,176610.17623719826
1456,3,2.5,167359.85952841115
1258,3,2.0,145313.8257379665
1589,2,2.0,229986.0732770552
1266,2,2.0,176726.33958147673
1119,2,2.0,149425.21575516174
1374,3,2.5,151084.7677477841
1525,3,2.5,180592.96791482423
1394,3,2.5,155109.261013215
1948,4,2.5,215543.9356250071
1995,4,2.5,221879.14773622874
1690,3,2.5,210526.1036476133
1644,3,2.5,202423.72423163606
2551,4,2.5,281963.77172980504
3078,4,2.5,313618.37683731166
2582,4,2.5,284507.29501576244
2385,4,2.5,266894.21243241325
2202,4,2.5,247450.7024968698
2538,4,2.5,280871.78102303273
1369,3,2.0,163144.9759298413
1542,3,2.0,188758.26275007994
1534,3,2.0,187632.33770813476
1966,1,2.0,327053.3775860816
1528,3,4.0,68319.01617155547
1538,3,2.0,188196.00937342722
1506,3,2.0,183646.9239691746
1977,3,2.5,256842.05366883017
1830,3,2.5,234031.3868808635
1338,3,2.0,158275.02252511427
1335,3,2.0,157799.21591671443
1792,3,2.5,227823.17164332772
1588,3,3.0,173497.43999359666
1880,3,2.5,242005.07645281378
1584,2,2.0,229232.09041186768
1685,2,2.0,244032.8028308118
2443,4,2.5,272437.11013996124
1100,3,1.5,127724.83579563008
1143,3,1.5,133350.41621123586
1094,3,1.0,120889.96889027962
1486,3,2.0,180757.65121072493
1820,3,2.5,232410.05605447813
1266,2,1.5,175098.9824210784
894,2,1.0,119523.20155829101
1040,3,1.5,119601.28171053606
2503,3,2.5,322774.1659385541
1037,2,1.0,135564.6399893076
1055,2,1.0,137455.39826463832
1378,2,2.0,196241.51717816733
1151,2,2.0,155531.42073405287
1565,2,2.0,226346.74491103887
1352,2,2.0,191810.31101192356
1550,2,2.5,222980.25728819295
1501,3,2.5,176038.014848098
1573,3,2.5,189549.69887518385
1358,3,2.0,161426.67868191705
2048,3,2.5,267173.4420663767
2362,3,2.5,307506.34248396475
1494,1,1.5,239271.34325348822
2362,3,2.5,307506.34248396475
2497,2,2.0,330166.6442355879
1152,3,1.5,134507.120803611
2411,4,2.5,269415.83518525783
1082,3,1.0,119846.40102834743
1295,3,1.5,151922.49899057933
1610,3,2.0,198099.57199129494
1594,2,2.0,230737.84006624305
2075,3,2.5,270985.0051657981
1093,3,2.0,116789.65991879426
1052,3,1.0,117181.63625832697
1107,3,1.0,122006.09624670874
1224,2,2.0,169121.47639140897
1074,2,1.0,139420.04063782192
1187,2,1.0,150443.39285455408
964,3,1.0,108904.75826933581
894,3,1.0,101830.68203970768
1200,3,2.0,135562.20862126767
1042,3,2.0,107484.8537104537
2154,5,2.5,208412.90837480585
1374,3,1.0,141616.15819414466
1652,3,1.5,187488.66020869
908,2,1.0,121173.73669916057
666,2,1.0,90197.57364847511
670,2,1.0,90751.77043056022
808,2,1.0,109003.03490673182
1150,2,1.0,146958.60875621348
1560,4,2.0,163420.03788638962
1280,3,2.0,148934.70911394202
1254,3,1.0,133584.4788191933
936,2,1.0,124422.684873389
1008,3,1.0,113129.00372653603
1053,3,1.0,117271.74707474076
1144,3,1.0,125100.7716030216
1721,4,1.0,134555.0870263358
922,2,1.0,122806.89780419323
1411,3,1.0,143835.12895845398
1216,3,1.0,130775.0072777596
1154,3,1.5,134763.19119514344
1560,4,2.0,163420.03788638962
948,2,1.0,125793.8169041764
1040,3,1.0,116093.39230424276
925,3,1.0,105017.07194478484
1540,4,1.0,130116.96538478186
925,3,1.0,105017.07194478484
1647,3,1.0,155133.01721372848
924,2,1.0,123038.78824484386
1544,3,2.0,189038.8575801664
1728,3,1.0,157872.6385816598
3086,4,3.5,393550.03484647244
1281,1,2.0,216171.11869379078
1534,3,1.5,176982.85374425442
1651,4,2.0,174376.62851415746
888,3,1.0,101204.12203548031
952,3,1.0,107722.90726502832
1238,3,1.5,145197.96897908265
1040,3,1.0,116093.39230424276
1170,3,1.0,127202.80969014307
1242,3,1.5,145679.26198423305
1377,3,1.0,141800.59553764135
925,3,1.0,105017.07194478484
864,2,1.0,115927.83613575241
936,3,1.0,106127.24988499525
960,2,1.0,127152.1843372061
1296,3,1.0,136540.76389992036
1022,2,1.0,133967.0689408025
967,2,1.0,127938.6705776478
1072,2,1.0,139214.74310916656
1174,2,1.0,149232.83756667195
1141,3,1.0,124854.37277457597
1798,4,2.5,194015.47265215075
1772,3,2.5,224504.2769761707
1642,4,1.5,161147.38895458737
1232,3,1.0,131973.54383866364
1650,3,2.0,203402.99081387915
1358,3,1.5,159019.803575304
2454,3,2.0,279926.1893976752
968,2,1.0,128050.67118269383
1382,1,2.0,235134.44221896192
1060,1,1.0,164511.44258047568
1435,3,1.0,145209.57464084568
1274,3,2.0,147951.45033186793
1232,3,1.5,144473.37018015754
884,2,1.0,118333.61072144323
1409,3,1.5,164507.5553028471
1322,4,1.0,120916.42895571042
1426,3,1.0,144700.1409151477
1281,2,1.0,158750.85293423687
2264,4,2.5,254370.6212065372
1376,3,1.0,141739.20506618245
1316,4,1.0,120603.63505956388
1344,3,1.5,157473.02934141306
1173,3,2.0,130920.944833733
1214,2,1.0,152909.7558262563
2294,5,3.0,229337.0142299812
1952,4,1.5,178691.51276726535
2180,3,1.5,219380.15391307147
1315,3,2.0,154606.78396151887
1484,3,2.0,180466.7737880003
2267,3,1.5,222263.57938036715
1282,2,1.0,158835.01962472787
999,3,1.0,112278.91479817897
1452,2,1.0,171854.9304220271
1005,3,1.0,112846.43853777688
1020,3,2.0,103399.83537712108
1040,3,1.0,116093.39230424276
868,2,1.0,116411.82763017007
897,3,1.0,102142.76536078157
943,2,1.0,125224.06314454804
912,3,1.0,103691.21515575319
1375,3,1.0,141677.7259516835
2654,4,3.0,317671.65579808573
1302,2,1.5,179806.99358050575
1299,3,1.0,136745.94371477337
1176,3,1.0,127679.38567071725
998,3,1.0,112184.01725760603
1522,3,2.0,185932.81298041888
1325,3,2.0,156207.43209111583
1630,3,2.0,200769.01001058388
1242,2,1.0,155399.21043390044
2422,4,3.0,287184.8908121238
1626,3,1.5,185279.83857200827
864,3,1.0,98665.97052417652
943,3,1.0,106828.14224451923
1038,2,2.0,133563.20952985607
1342,4,1.0,121936.02808580307
1480,4,1.0,128004.87566153481
1362,4,2.0,137044.25709689682
1822,4,2.0,192979.69398809093
1958,3,2.5,254001.52612945516
1651,3,2.0,203533.7591021241
2140,3,2.5,279895.9477155934
1651,3,2.0,203533.7591021241
1546,3,2.0,189319.09783809292
1500,3,2.0,182783.86514931903
1270,2,2.0,177442.4571065665
1795,3,2.5,228317.9476585218
1873,3,2.5,240902.1006902583
1743,0,0.5,204324.8495228334
1022,3,1.0,114437.09275232074
1308,3,2.5,137552.3710243869
990,3,1.0,111421.64578358314
1097,3,1.5,127326.237071294
1873,3,2.5,240902.1006902583
1753,3,2.5,221318.48479605754
1690,3,2.5,210526.1036476133
1842,3,2.5,235965.28299124792
894,3,1.0,101830.68203970768
1025,3,2.0,104332.01596389597
1009,3,2.0,101341.23749869762
1040,3,1.5,119601.28171053606
907,3,1.0,103177.28130009561
879,3,1.0,100258.2986239403
864,3,1.0,98665.97052417652
875,3,1.0,99835.62794421629
1673,3,2.0,206388.23475439657
1932,3,2.5,250062.63226560396
1729,3,2.5,217248.58644412467
1592,3,2.0,195666.76185426032
2439,4,2.5,272064.4147808624
1992,3,2.5,259061.97143524603
1341,1,1.5,218876.53931338058
1476,3,2.5,171238.97820826803
1190,2,2.0,162850.63176321835
1330,3,2.0,157004.43204191493
1491,3,2.5,174125.04842016488
1536,3,2.5,182663.59095187674
936,2,1.0,124422.684873389
1088,2,1.0,140847.1953179314
1351,3,1.0,140175.63429171464
1179,2,1.0,149700.2086151186
1044,3,1.0,116457.55857757726
2233,5,2.5,216372.7794678449
1408,3,2.5,157905.30925550038
5095,2,2.5,378057.2057459024
1072,2,1.0,139214.74310916656
960,2,1.0,127152.1843372061
1152,2,2.0,155720.7770294835
1195,4,2.0,112096.39949302544
865,2,1.0,116048.96697391679
768,2,1.0,103886.55367780467
864,3,1.0,98665.97052417652
2592,6,2.0,178684.6020966087
1422,3,1.0,144471.42120690903
1298,2,2.0,182415.5677002823
1098,2,1.0,141855.95435321153
1436,3,1.0,145265.7351729455
1461,3,1.0,146640.93948744697
1718,4,2.5,181718.10976543973
1226,2,1.5,169733.12148982767
1755,4,2.0,185999.60594902418
1355,3,2.0,160956.19065591626
1560,3,1.5,179403.7095325782
1488,3,2.0,181048.17406128955
1045,2,1.0,136408.52272216507
1680,4,2.0,177714.05037409344
1020,1,1.0,159714.27798524563
1696,3,2.0,209326.58652676232
2726,2,2.5,397901.95632410585
1215,3,1.0,130699.34527686323
1601,3,2.0,196886.75696589702
1828,3,2.0,225283.3523126062
816,2,1.0,110009.31168884029
845,1,1.0,137059.08569141207
1991,4,2.0,208818.46521013408
1073,3,1.0,119055.3483646198
1001,2,1.0,131696.96240378142
1625,2,2.0,235349.33134289682
1299,2,2.0,182591.89346883525
1392,3,2.0,166703.11983777632
1409,1,1.5,228197.07500564933
1478,3,2.0,179592.01408686684
918,3,1.0,104305.01056222286
1026,2,1.0,134395.0380339502
1501,2,2.0,216392.25046773322
2279,4,2.5,255993.60373231748
1689,3,2.0,208437.26956280318
1564,2,2.0,226193.9981911217
1240,3,2.0,142319.37329959215
1312,2,2.0,184876.06194338485
1922,2,2.0,275212.76773735334
1491,3,2.0,181483.29351433672
2486,5,3.5,254524.67409589604
1824,3,2.0,224822.5065736953
2034,2,1.0,197031.04424931962
936,0,0.5,155176.41115986416
1092,3,1.5,126660.13300326759
992,2,1.0,130712.0927918031
1092,3,1.5,126660.13300326759
1092,3,1.5,126660.13300326759
1008,1,1.0,158247.47197820156
1356,3,2.0,161113.1086409565
1676,3,1.5,189474.38666471335
1432,3,1.5,166906.98850196743
796,2,1.0,107482.98256877101
1608,3,1.0,153606.51554523568
1178,3,1.5,137808.3792650575
816,2,1.0,110009.31168884029
887,3,1.0,101099.38511746914
1293,2,2.0,181532.60921191782
1024,2,1.0,134181.2307734563
1797,3,1.5,198708.1364789035
1390,1,1.5,225634.071014981
1851,3,2.0,227905.6916474284
1525,3,2.5,180592.96791482423
1671,3,2.5,207202.20561120482
1776,3,2.5,225170.89248688167
2064,4,2.5,230825.02883647368
2212,3,2.5,289329.3427590878
2687,4,2.5,292489.5432272282
1169,3,2.0,130227.85433006365
1204,2,2.0,165445.15428277696
2798,3,3.5,408740.1056105817
3390,5,3.5,370624.6061791392
2473,4,2.5,275187.11738281045
2698,4,2.5,293269.22449463385
2795,4,3.5,352064.30339258455
1714,2,2.0,248115.4202068711
2000,3,2.5,260237.77241765588
1102,2,1.0,142256.97596220396
1857,4,2.5,202721.29699564513
1083,2,1.0,140339.49168629193
2318,3,2.5,302381.1381339106
1875,3,3.0,235849.39876524
1103,3,2.0,118587.09559715606
874,3,1.0,99729.73866668533
1419,2,2.0,203107.43722490265
1092,3,1.5,126660.13300326759
1365,3,1.5,159786.67542881056
1030,3,1.5,118216.33096569263
948,2,1.5,128522.18836425491
1092,3,1.5,126660.13300326759
1069,2,2.0,139702.5522436768
1387,3,1.0,142409.6248850314
1055,2,2.0,136940.49437854812
1456,3,2.5,167359.85952841115
2589,4,2.5,285069.8494592415
1618,2,2.0,234315.47287643046
1740,4,2.0,184382.38420203092
1868,2,2.0,268546.4571964246
2206,4,2.5,247907.43145787358
2091,3,2.5,273213.2160189599
2253,3,2.5,294495.7955567322
2389,4,2.5,267286.05468814867
2358,4,2.5,264212.18009396584
1792,2,2.0,258726.34574352167
1780,2,2.0,257128.9983047937
1914,3,2.5,247300.60310064253
1565,2,2.0,226346.74491103887
1686,1,2.0,286755.30293151725
1666,2,2.0,241317.56332371253
1456,3,2.5,167359.85952841115
1492,3,2.5,174316.74395663812
1326,3,2.0,156367.00936735564
2373,4,2.5,265710.1759333686
1492,3,2.5,174316.74395663812
1364,2,2.0,193862.92910401008
1511,2,2.0,217971.57384529544
1548,2,2.0,223737.99521900943
1142,2,2.0,153823.2251383781
1598,3,2.5,194133.7761430523
1889,3,2.5,243416.80584864898
2322,4,3.5,268615.61312605767
1976,3,2.5,256693.35000674924
2234,3,2.5,292120.11211903417
2855,4,2.5,303228.37817265664
2726,4,2.5,295205.4686209257
3500,4,3.5,439634.85033871897
2494,4,2.5,277064.6541048933
2799,3,2.5,349092.6896955912
1964,3,2.5,254901.99190465934
1670,2,2.5,246445.83326443777
1504,3,2.0,183359.59226804928
1278,2,2.0,178870.4372908269
2640,3,3.5,380844.85569835256
1716,3,2.5,215022.73951904484
1142,3,1.5,133221.4502635498
1400,3,2.0,167929.74337314352
1131,3,1.5,131796.9743983643
1686,3,2.5,209828.99493114787
1585,3,2.5,191756.97012087944
1837,3,2.5,235161.0441984541
1731,3,2.5,217589.69478699876
1398,2,2.0,199609.3615076544
1217,2,2.0,167838.796911707
1320,3,2.5,140041.5271372322
988,3,1.0,111230.16648467761
1654,4,2.0,174725.3361299516
1211,2,1.0,152638.9066455066
984,3,1.0,110846.14417038666
909,3,1.0,103383.1207714786
925,2,1.0,123154.6005006092
1024,3,1.5,117381.1056528673
912,3,1.0,103691.21515575319
941,3,1.0,106628.33049985516
2646,3,2.0,289724.693163277
2826,3,2.5,351106.83787325374
1143,1,1.5,189403.0066297727
1223,2,2.5,152558.13049720327
1524,2,2.5,217727.8046701166
1080,2,2.5,118783.06055409655
1694,3,2.5,211221.79407543907
1568,3,2.0,192378.3389127288
1193,2,2.0,163408.06348471207
1334,3,2.0,157640.43642783447
1051,3,1.0,117091.43679887321
1770,4,1.5,169423.92840052544
976,2,1.0,128943.48487362257
898,3,1.0,102246.61584839289
1051,3,1.0,117091.43679887321
1141,3,1.0,124854.37277457597
1565,3,2.0,191963.69600191797
1488,3,1.5,172553.0083214677
1440,4,1.5,145131.50261879427
1248,3,1.0,133149.38778133175
816,2,1.0,110009.31168884029
1043,2,1.0,136198.0838971906
1433,3,1.0,145096.987647526
1624,2,1.0,182420.8475484569
1216,3,1.0,130775.0072777596
1728,3,1.5,193601.63533908865
936,2,1.0,124422.684873389
1584,4,2.0,166380.95716599215
1246,3,1.0,133003.648291058
1008,2,1.0,132458.00809174767
1364,3,1.5,159677.388236001
1336,3,1.5,156581.3577630996
1370,3,1.0,141369.00073358926
1124,3,1.0,123443.04342992007
1050,3,1.0,117001.14869637943
1008,2,1.0,132458.00809174767
1575,2,1.5,211770.58107752443
1145,3,1.0,125182.72725975685
1005,2,1.0,132132.37751228779
1056,3,1.5,121798.76514996892
884,2,1.0,118333.61072144323
2039,3,1.5,213282.16786205934
1384,2,1.0,166954.38016577248
2640,5,2.5,248614.34397881295
1312,3,1.5,153872.3041008055
713,2,1.0,96619.8120460712
715,2,1.0,96888.75527743521
720,1,1.0,119214.7484818279
1595,3,2.0,196074.22467883243
1760,4,1.5,168829.62314990218
1146,3,1.0,125264.59427345212
1207,3,1.5,141419.85933997587
1773,3,2.0,218822.40153900438
1472,2,2.0,211762.0850336917
2448,3,3.0,338495.3034750809
1521,3,1.5,175749.95483945656
1040,2,2.0,133961.86680471373
1556,4,2.0,162921.5873295501
1150,3,1.0,125591.1758978333
1045,3,1.0,116548.3785383109
864,3,1.0,98665.97052417652
1025,3,1.0,114715.13714604071
2014,5,2.0,182870.7304511688
1668,3,1.0,155899.13453541923
1657,4,1.0,133317.68598759754
1416,3,1.0,144125.6823533515
1428,4,1.0,125916.26936895355
1004,2,1.0,132023.65669972115
1951,4,2.0,205298.34266227714
1032,2,1.0,135034.33238247214
844,2,1.0,113486.60433406792
864,2,1.0,115927.83613575241
1376,2,1.0,166350.89735735208
960,3,1.0,108512.22622320638
1566,5,1.5,137598.66631763667
492,1,1.0,83099.50419650372
1182,3,1.5,138310.9465998041
840,2,1.0,112994.1031078118
2104,5,2.0,188796.9915861501
1248,2,2.0,173486.2593966557
960,3,1.0,108512.22622320638
1020,2,1.0,133752.55253598877
1827,2,1.0,191517.11123827615
1162,3,1.0,126562.4110391384
1324,3,1.0,138424.75044122056
816,2,1.0,110009.31168884029
2486,5,2.0,205959.33039619625
1430,3,2.0,172479.05509797958
1330,3,1.0,138819.42025284935
819,2,1.0,110385.20287197124
984,3,1.0,110846.14417038666
1422,3,1.0,144471.42120690903
1921,4,2.0,202565.17555940102
1640,3,1.0,154868.95775524646
1032,2,1.0,135034.33238247214
879,2,1.0,117735.49118901993
1073,2,2.0,140488.52048427417
1064,3,1.0,118257.11561465346
934,2,1.0,124192.92186569798
1059,3,1.0,117810.5504693838
1458,3,1.5,169562.92563232928
1040,3,1.0,116093.39230424276
1967,6,2.0,158718.08622526677
1949,6,2.0,157630.0732957838
872,2,1.0,116894.40083594796
1830,2,1.0,191624.14808113515
1000,1,1.0,157262.5098636401
810,2,1.0,109255.13596049884
1700,2,2.5,252112.78041853462
1350,3,1.5,158138.06001746876
1150,3,1.0,125591.1758978333
2009,4,2.0,210356.24868979803
3672,5,3.5,392018.1993865557
1560,3,2.0,191270.85162310032
1488,3,1.0,148063.93273303963
1057,3,1.0,117631.30390999607
1609,5,1.5,140213.47629795177
2559,4,2.5,282628.31999553717
1440,2,2.0,206566.4213615179
1876,3,2.5,241375.3364467362
1208,2,2.0,166183.25528178285
1846,3,2.0,227339.60681578817
1590,2,2.5,230943.94481091588
1809,3,2.5,230616.3538743362
1614,3,2.0,198636.29617243222
1596,3,2.5,193769.08875154247
1388,3,2.0,166087.6806371331
1100,3,1.5,127724.83579563008
1499,3,2.5,175656.13070683132
1425,3,2.0,171726.3766671725
1749,3,2.5,220643.71412566808
1779,3,2.5,225669.92336799498
1388,3,1.5,162275.81538439493
1282,3,2.0,149261.75289698012
864,3,1.0,98665.97052417652
1762,3,2.5,222831.53318659464
1755,3,2.5,221655.33827301228
1358,1,1.5,221245.09999428087
1909,4,2.5,210138.4031121102
2214,3,2.5,289584.8219253371
2049,4,2.5,228916.17250674448
1939,3,2.5,251128.998452646
1995,4,2.5,221879.14773622874
848,1,1.0,137470.33032076512
1390,3,2.0,166395.57752353468
1737,3,2.5,218610.89238266126
1611,3,2.5,196495.60149146777
1336,3,2.0,157957.90676255434
1436,3,2.0,173379.34399462843
1012,4,2.0,81919.534631494
1176,2,1.0,149420.0519151706
1724,3,2.5,216394.26433373985
914,2,1.0,121875.79031999133
2314,3,2.5,301906.7007338854
1072,2,1.0,139214.74310916656
1709,3,2.0,210966.65157891714
936,3,1.0,106127.24988499525
1338,3,2.0,158275.02252511427
1669,4,1.5,163014.08627898336
1482,3,2.0,180175.54179311576
1414,3,1.0,144009.72692451242
498,1,1.0,84108.94162653646
1273,3,1.0,134941.21438375875
1551,3,2.0,190018.14722970946
1340,3,1.0,139470.11182903193
1479,3,1.0,147596.78173741413
1510,3,1.0,149175.63011237854
1636,4,1.5,160723.79166598545
1465,3,2.0,177685.75398563957
1288,4,1.0,119101.73612384751
1550,3,1.5,178479.7025956524
1717,2,1.5,225784.46271236413
1671,4,2.0,176686.27663598777
1609,3,1.5,183803.21000921758
1801,3,1.5,198991.22364664925
2315,4,2.0,232104.3550659894
976,2,1.0,128943.48487362257
1285,3,1.0,135781.61239804726
672,2,1.0,91028.33696336288
641,2,1.0,86701.7106584489
1638,4,2.0,172856.3433028912
729,2,1.0,98761.42987650509
1396,4,2.0,141820.56837137646
936,2,1.0,124422.684873389
1778,2,2.0,256861.5327291127
1646,2,2.0,238424.84568854058
1625,3,2.0,200104.97461976108
1664,4,2.0,175881.93305166645
1491,3,2.0,181483.29351433672
1210,3,2.0,137264.79624684647
1650,2,1.0,183789.85388264913
1403,2,2.0,200445.78240002718
1960,3,2.0,239695.60176976604
1838,3,2.0,226429.26164708435
1600,3,1.5,183011.0942402973
1368,2,2.0,194544.2985574261
1304,3,1.5,152957.93990425614
874,3,1.0,99729.73866668533
1652,4,2.0,174492.9530291288
630,1,1.0,105509.20427908054
1092,3,1.5,126660.13300326759
1360,3,1.0,140744.90206940193
1092,3,1.5,126660.13300326759
1092,3,1.5,126660.13300326759
1092,3,1.5,126660.13300326759
1092,3,1.5,126660.13300326759
1224,4,1.0,115407.85916106815
970,3,1.0,109490.89704733039
2000,3,2.5,260237.77241765594
